t,s,x,y,psi,v,delta,a_cmd,ddelta_cmd,ey,epsi,dv,v_ref,x_ref,y_ref,psi_ref,alpha,dmin
0.000000,1.000000,0.000000,-1.850000,0.011780,28.000000,0.000000,3.000000,0.000017,-0.000000,0.000000,-5.000000,33.000000,1.000000,-1.838219,0.011780,0.000000,399.000153
0.100000,2.778018,2.799806,-1.817016,0.011780,28.250000,0.000002,3.000000,-0.000006,0.000002,0.000003,-4.750000,33.000000,2.778018,-1.817275,0.011777,0.000000,396.200321
0.200000,5.602839,5.624610,-1.783737,0.011782,28.500000,0.000001,3.000000,-0.000036,0.000021,0.000013,-4.500000,33.000000,5.602839,-1.784015,0.011769,0.000000,393.375492
0.300000,8.452670,8.474412,-1.750159,0.011783,28.750000,-0.000002,3.000000,-0.000063,0.000079,0.000029,-4.250000,33.000000,8.452670,-1.750493,0.011754,0.000000,390.525668
0.400000,11.327512,11.349212,-1.716283,0.011781,29.000000,-0.000009,3.000000,-0.000083,0.000190,0.000047,-4.000000,33.000000,11.327512,-1.716728,0.011734,0.000000,387.650848
0.500000,14.227365,14.249011,-1.682119,0.011771,29.250000,-0.000017,3.000000,-0.000094,0.000365,0.000065,-3.750000,33.000000,14.227365,-1.682737,0.011707,0.000000,384.751032
0.600000,17.152229,17.173808,-1.647689,0.011753,29.500000,-0.000026,3.000000,-0.000097,0.000601,0.000079,-3.500000,33.000000,17.152229,-1.648542,0.011674,0.000000,381.826220
0.700000,20.102105,20.123605,-1.613018,0.011724,29.750000,-0.000036,3.000000,-0.000095,0.000892,0.000090,-3.250000,33.000000,20.102105,-1.614161,0.011634,0.000000,378.876412
0.800000,23.076993,23.098400,-1.578140,0.011684,30.000000,-0.000046,3.000000,-0.000089,0.001229,0.000097,-3.000000,33.000000,23.076993,-1.579617,0.011587,0.000000,375.901608
0.900000,26.076892,26.098195,-1.543087,0.011634,30.250000,-0.000054,3.000000,-0.000082,0.001599,0.000100,-2.750000,33.000000,26.076892,-1.544933,0.011534,0.000000,372.901807
1.000000,29.101804,29.122991,-1.507896,0.011573,30.500000,-0.000063,3.000000,-0.000074,0.001992,0.000099,-2.500000,33.000000,29.101804,-1.510131,0.011474,0.000000,369.877009
1.100000,32.151728,32.172786,-1.472600,0.011502,30.750000,-0.000070,2.939216,-0.000068,0.002396,0.000095,-2.250000,33.000000,32.151728,-1.475236,0.011407,0.000000,366.827215
1.200000,35.226664,35.247583,-1.437232,0.011422,31.000000,-0.000077,2.612635,-0.000062,0.002803,0.000090,-2.000000,33.000000,35.226664,-1.440272,0.011332,0.000000,363.752422
1.300000,38.326614,38.347381,-1.401823,0.011334,31.250000,-0.000083,2.286057,-0.000059,0.003209,0.000084,-1.750000,33.000000,38.326614,-1.405266,0.011251,0.000000,360.652632
1.400000,41.451576,41.472180,-1.366404,0.011238,31.478606,-0.000089,1.987428,-0.000056,0.003610,0.000077,-1.521394,33.000000,41.451576,-1.370245,0.011161,0.000000,357.527845
1.500000,44.599412,44.619842,-1.331029,0.011135,31.677349,-0.000094,1.727810,-0.000054,0.004003,0.000070,-1.322651,33.000000,44.599412,-1.335258,0.011065,0.000000,354.380198
1.600000,47.767135,47.787380,-1.295759,0.011024,31.850129,-0.000100,1.502105,-0.000053,0.004387,0.000063,-1.149871,33.000000,47.767135,-1.300368,0.010961,0.000000,351.212679
1.700000,50.952151,50.972200,-1.260649,0.010906,32.000340,-0.000105,1.305885,-0.000053,0.004762,0.000056,-0.999660,33.000000,50.952151,-1.265628,0.010850,0.000000,348.027882
1.800000,54.152272,54.172044,-1.225750,0.010781,32.130928,-0.000110,1.135294,-0.000054,0.005134,0.000050,-0.869072,33.000000,54.152272,-1.231096,0.010731,0.000000,344.828065
1.900000,57.365400,57.384950,-1.191109,0.010650,32.244458,-0.000116,0.986986,-0.000055,0.005501,0.000045,-0.755542,33.000000,57.365400,-1.196818,0.010605,0.000000,341.615190
2.000000,60.589896,60.609213,-1.156770,0.010512,32.343157,-0.000121,0.858051,-0.000055,0.005862,0.000040,-0.656843,33.000000,60.589896,-1.162835,0.010471,0.000000,338.390961
2.100000,63.824276,63.843350,-1.122772,0.010366,32.428962,-0.000127,0.745960,-0.000054,0.006218,0.000035,-0.571038,33.000000,63.824276,-1.129188,0.010331,0.000000,335.156862
2.200000,67.067337,67.086071,-1.089156,0.010214,32.503558,-0.000132,0.648511,-0.000054,0.006570,0.000031,-0.496442,33.000000,67.067337,-1.095917,0.010184,0.000000,331.914182
2.300000,70.317791,70.336258,-1.055957,0.010055,32.568409,-0.000137,0.563792,-0.000055,0.006925,0.000026,-0.431591,33.000000,70.317791,-1.063068,0.010029,0.000000,328.664041
2.400000,73.574744,73.592934,-1.023210,0.009889,32.624788,-0.000143,0.490141,-0.000054,0.007274,0.000021,-0.375212,33.000000,73.574744,-1.030664,0.009868,0.000000,325.407414
2.500000,76.837351,76.855253,-0.990948,0.009716,32.673802,-0.000148,0.426111,-0.000051,0.007616,0.000017,-0.326198,33.000000,76.837351,-0.998738,0.009700,0.000000,322.145148
2.600000,80.104975,80.122479,-0.959201,0.009537,32.716413,-0.000153,0.370445,-0.000051,0.007956,0.000012,-0.283587,33.000000,80.104975,-0.967324,0.009525,0.000000,318.877978
2.700000,83.376777,83.393972,-0.928000,0.009351,32.753458,-0.000159,0.322052,-0.000051,0.008297,0.000007,-0.246542,33.000000,83.376777,-0.936458,0.009344,0.000000,315.606545
2.800000,86.652299,86.669174,-0.897373,0.009159,32.785663,-0.000164,0.279980,-0.000049,0.008630,0.000003,-0.214337,33.000000,86.652299,-0.906158,0.009156,0.000000,312.331405
2.900000,89.931057,89.947603,-0.867346,0.008960,32.813661,-0.000169,0.243404,-0.000047,0.008953,-0.000002,-0.186339,33.000000,89.931057,-0.876448,0.008962,0.000000,309.053042
3.000000,93.212742,93.228837,-0.837945,0.008755,32.838001,-0.000173,0.211607,-0.000047,0.009279,-0.000007,-0.161999,33.000000,93.212742,-0.847365,0.008762,0.000000,305.771877
3.100000,96.496766,96.512512,-0.809195,0.008545,32.859162,-0.000178,0.183963,-0.000046,0.009599,-0.000012,-0.140838,33.000000,96.496766,-0.818929,0.008556,0.000000,302.488274
3.200000,99.782920,99.798308,-0.781119,0.008328,32.877558,-0.000183,0.159931,-0.000044,0.009908,-0.000016,-0.122442,33.000000,99.782920,-0.791155,0.008344,0.000000,299.202553
3.300000,103.071052,103.085950,-0.753739,0.008106,32.893552,-0.000187,0.139038,-0.000042,0.010210,-0.000021,-0.106448,33.000000,103.071052,-0.764070,0.008127,0.000000,295.914988
3.400000,106.360676,106.375197,-0.727077,0.007878,32.907455,-0.000191,0.120875,-0.000043,0.010514,-0.000026,-0.092545,33.000000,106.360676,-0.737706,0.007904,0.000000,292.625820
3.500000,109.651705,109.665840,-0.701153,0.007645,32.919543,-0.000195,0.105084,-0.000041,0.010807,-0.000030,-0.080457,33.000000,109.651705,-0.712068,0.007675,0.000000,289.335259
3.600000,112.943956,112.957698,-0.675986,0.007407,32.930051,-0.000200,0.091356,-0.000038,0.011086,-0.000035,-0.069949,33.000000,112.943956,-0.687175,0.007442,0.000000,286.043484
3.700000,116.237405,116.250613,-0.651597,0.007163,32.939187,-0.000203,0.079422,-0.000039,0.011369,-0.000040,-0.060813,33.000000,116.237405,-0.663062,0.007203,0.000000,282.750655
3.800000,119.531649,119.544447,-0.628003,0.006915,32.947129,-0.000207,0.069046,-0.000037,0.011643,-0.000044,-0.052871,33.000000,119.531649,-0.639735,0.006959,0.000000,279.456908
3.900000,122.826700,122.839082,-0.605220,0.006662,32.954034,-0.000211,0.060026,-0.000034,0.011903,-0.000049,-0.045966,33.000000,122.826700,-0.617207,0.006711,0.000000,276.162363
4.000000,126.122596,126.134412,-0.583266,0.006405,32.960036,-0.000214,0.052185,-0.000033,0.012158,-0.000054,-0.039964,33.000000,126.122596,-0.595501,0.006458,0.000000,272.867123
4.100000,129.418965,129.430348,-0.562157,0.006143,32.965255,-0.000218,0.045367,-0.000033,0.012412,-0.000058,-0.034745,33.000000,129.418965,-0.574639,0.006201,0.000000,269.571278
4.200000,132.715866,132.726811,-0.541907,0.005877,32.969791,-0.000221,0.039441,-0.000031,0.012650,-0.000063,-0.030209,33.000000,132.715866,-0.554622,0.005940,0.000000,266.274906
4.300000,136.013382,136.023733,-0.522531,0.005607,32.973736,-0.000224,0.034288,0.000100,0.012875,-0.000067,-0.026264,33.000000,136.013382,-0.535465,0.005674,0.000000,262.978076
4.400000,139.311155,139.321055,-0.504043,0.005333,32.977164,-0.000214,0.029809,0.000155,0.013106,-0.000072,-0.022836,33.000000,139.311155,-0.517203,0.005405,0.000000,259.680848
4.500000,142.609282,142.618725,-0.486455,0.005072,32.980145,-0.000199,0.025915,-0.000008,0.013322,-0.000060,-0.019855,33.000000,142.609282,-0.499826,0.005132,0.000000,256.383271
4.600000,145.907716,145.916697,-0.469729,0.004829,32.982737,-0.000199,0.022530,-0.000389,0.013573,-0.000027,-0.017263,33.000000,145.907716,-0.483346,0.004856,0.000000,253.085392
4.700000,149.206576,149.214932,-0.453802,0.004585,32.984990,-0.000238,0.019586,-0.000569,0.013951,0.000009,-0.015010,33.000000,149.206576,-0.467792,0.004576,0.000000,249.787250
4.800000,152.505515,152.513396,-0.438677,0.004294,32.986948,-0.000295,0.017028,-0.000620,0.014454,0.000001,-0.013052,33.000000,152.505515,-0.453165,0.004293,0.000000,246.488879
4.900000,155.804658,155.812061,-0.424512,0.003934,32.988651,-0.000357,0.014803,-0.000562,0.014926,-0.000074,-0.011349,33.000000,155.804658,-0.439467,0.004008,0.000000,243.190308
5.000000,159.104140,159.110900,-0.411535,0.003497,32.990131,-0.000413,0.012869,-0.000366,0.015155,-0.000222,-0.009869,33.000000,159.104140,-0.426716,0.003719,0.000000,239.891559
5.100000,162.403618,162.409893,-0.399999,0.002992,32.991418,-0.000450,0.011188,0.001103,0.014910,-0.000436,-0.008582,33.000000,162.403618,-0.414930,0.003428,0.000000,236.592653
5.200000,165.703231,165.709020,-0.390128,0.002442,32.992537,-0.000340,0.009727,0.002495,0.013953,-0.000693,-0.007463,33.000000,165.703231,-0.404100,0.003135,0.000000,233.293609
5.300000,169.003127,169.008264,-0.382072,0.002027,32.993510,-0.000090,0.008456,0.002781,0.012145,-0.000813,-0.006490,33.000000,169.003127,-0.394232,0.002840,0.000000,229.994441
5.400000,172.302963,172.307608,-0.375384,0.001917,32.994355,0.000188,0.007351,0.002153,0.009964,-0.000626,-0.005645,33.000000,172.302963,-0.385360,0.002543,0.000000,226.695169
5.500000,175.602889,175.607038,-0.369061,0.002146,32.995091,0.000403,0.006391,0.003842,0.008393,-0.000098,-0.004909,33.000000,175.602889,-0.377464,0.002244,0.000000,223.395812
5.600000,178.902893,178.906539,-0.361980,0.002639,32.995730,0.000787,0.005556,0.003463,0.008561,0.000696,-0.004270,33.000000,178.902893,-0.370548,0.001943,0.000000,220.096390
5.700000,182.203133,182.206101,-0.353274,0.003601,32.996285,0.001134,0.004830,0.001198,0.011358,0.001959,-0.003715,33.000000,182.203133,-0.364637,0.001641,0.000000,216.796918
5.800000,185.503256,185.505708,-0.341393,0.004986,32.996768,0.001253,0.004199,-0.001410,0.018328,0.003648,-0.003232,33.000000,185.503256,-0.359724,0.001338,0.000000,213.497421
5.900000,188.803411,188.805344,-0.324940,0.006518,32.997188,0.001112,0.003651,-0.003308,0.030861,0.005483,-0.002812,33.000000,188.803411,-0.355803,0.001035,0.000000,210.197925
6.000000,192.103744,192.104992,-0.303433,0.007877,32.997553,0.000782,0.003174,-0.000009,0.049454,0.007147,-0.002447,33.000000,192.103744,-0.352888,0.000730,0.000000,206.898451
6.100000,195.403906,195.404645,-0.277440,0.008833,32.997871,0.000781,0.002759,0.007704,0.073548,0.008407,-0.002129,33.000000,195.403906,-0.350988,0.000425,0.000000,203.599007
6.200000,198.704061,198.704304,-0.248295,0.009787,32.998147,0.001551,0.002399,0.002957,0.101792,0.009667,-0.001853,33.000000,198.704061,-0.350087,0.000120,0.000000,200.299588
6.300000,202.004357,202.003960,-0.216001,0.011682,32.998387,0.001847,0.002085,-0.006825,0.134184,0.011868,-0.001613,33.000000,202.004357,-0.350186,-0.000185,0.000000,197.000203
6.400000,205.304427,205.303574,-0.177452,0.013940,32.998595,0.001164,0.001813,-0.010327,0.173859,0.014430,-0.001405,33.000000,205.304427,-0.351311,-0.000491,0.000000,193.700918
6.500000,208.604392,208.603113,-0.131455,0.015363,32.998776,0.000132,0.001576,-0.005666,0.221979,0.016158,-0.001224,33.000000,208.604392,-0.353435,-0.000796,0.000000,190.401780
6.600000,211.904274,211.902601,-0.080762,0.015524,32.998934,-0.000435,0.001370,-0.001574,0.275792,0.016624,-0.001066,33.000000,211.904274,-0.356555,-0.001100,0.000000,187.102753
6.700000,215.204270,215.202097,-0.029537,0.014992,32.999071,-0.000592,0.001191,-0.000485,0.331149,0.016396,-0.000929,33.000000,215.204270,-0.360690,-0.001403,0.000000,183.803753
6.800000,218.504131,218.501633,0.019934,0.014268,32.999190,-0.000641,0.001036,0.000300,0.385754,0.015974,-0.000810,33.000000,218.504131,-0.365824,-0.001706,0.000000,180.504731
6.900000,221.804010,221.801216,0.067017,0.013485,32.999294,-0.000611,0.000900,0.000413,0.438958,0.015493,-0.000706,33.000000,221.804010,-0.371948,-0.002008,0.000000,177.205674
7.000000,225.104032,225.100846,0.111515,0.012739,32.999384,-0.000570,0.000783,0.000341,0.490572,0.015046,-0.000616,33.000000,225.104032,-0.379066,-0.002308,0.000000,173.906579
7.100000,228.403940,228.400516,0.153550,0.012042,32.999462,-0.000535,0.000681,-0.000082,0.540721,0.014649,-0.000538,33.000000,228.403940,-0.387181,-0.002606,0.000000,170.607451
7.200000,231.703859,231.700223,0.193289,0.011388,32.999530,-0.000544,0.000592,-0.000336,0.589547,0.014291,-0.000470,33.000000,231.703859,-0.396271,-0.002903,0.000000,167.308295
7.300000,235.003894,234.999962,0.230868,0.010724,32.999589,-0.000577,0.000514,-0.000096,0.637182,0.013922,-0.000411,33.000000,235.003894,-0.406330,-0.003198,0.000000,164.009116
7.400000,238.303823,238.299731,0.266254,0.010018,32.999641,-0.000587,0.000447,0.000118,0.683612,0.013509,-0.000359,33.000000,238.303823,-0.417376,-0.003491,0.000000,160.709915
7.500000,241.603760,241.599530,0.299313,0.009301,32.999685,-0.000575,0.000389,0.000561,0.728669,0.013082,-0.000315,33.000000,241.603760,-0.429377,-0.003781,0.000000,157.410689
7.600000,244.903703,244.899356,0.330005,0.008598,32.999724,-0.000519,0.000338,-0.000464,0.772305,0.012667,-0.000276,33.000000,244.903703,-0.442325,-0.004069,0.000000,154.111440
7.700000,248.203741,248.199206,0.358377,0.007964,32.999758,-0.000565,0.000294,-0.000732,0.814578,0.012318,-0.000242,33.000000,248.203741,-0.456228,-0.004354,0.000000,150.812169
7.800000,251.503687,251.499077,0.384657,0.007273,32.999787,-0.000639,0.000255,0.000511,0.855693,0.011909,-0.000213,33.000000,251.503687,-0.471067,-0.004636,0.000000,147.512882
7.900000,254.803636,254.798969,0.408656,0.006492,32.999813,-0.000588,0.000222,0.000239,0.895447,0.011408,-0.000187,33.000000,254.803636,-0.486825,-0.004916,0.000000,144.213575
8.000000,258.103668,258.098880,0.430080,0.005774,32.999835,-0.000564,0.000193,-0.000188,0.933542,0.010965,-0.000165,33.000000,258.103668,-0.503500,-0.005191,0.000000,140.914245
8.100000,261.403623,261.398809,0.449134,0.005085,32.999855,-0.000582,0.000168,0.000305,0.970181,0.010549,-0.000145,33.000000,261.403623,-0.521088,-0.005464,0.000000,137.614896
8.200000,264.703579,264.698752,0.465914,0.004373,32.999871,-0.000552,0.000146,0.000008,1.005432,0.010106,-0.000129,33.000000,264.703579,-0.539562,-0.005732,0.000000,134.315530
8.300000,268.003602,267.998707,0.480346,0.003699,32.999886,-0.000551,0.000127,-0.000146,1.039207,0.009696,-0.000114,33.000000,268.003602,-0.558909,-0.005997,0.000000,131.016147
8.400000,271.303556,271.298673,0.492552,0.003025,32.999899,-0.000566,0.000111,-0.000085,1.071639,0.009283,-0.000101,33.000000,271.303556,-0.579139,-0.006258,0.000000,127.716750
8.500000,274.603510,274.598648,0.502535,0.002334,32.999910,-0.000574,0.000096,0.000823,1.102695,0.008848,-0.000090,33.000000,274.603510,-0.600216,-0.006514,0.000000,124.417340
8.600000,277.903464,277.898630,0.510236,0.001632,32.999919,-0.000492,0.000084,-0.000378,1.132303,0.008399,-0.000081,33.000000,277.903464,-0.622125,-0.006767,0.000000,121.117917
8.700000,281.203469,281.198618,0.515622,0.001031,32.999928,-0.000530,0.000073,0.000259,1.160427,0.008045,-0.000072,33.000000,281.203469,-0.644868,-0.007014,0.000000,117.818480
8.800000,284.503417,284.498609,0.519023,0.000383,32.999935,-0.000504,0.000063,0.000033,1.187378,0.007640,-0.000065,33.000000,284.503417,-0.668421,-0.007257,0.000000,114.519037
8.900000,287.803362,287.798602,0.520288,-0.000232,32.999941,-0.000501,0.000055,-0.000088,1.212979,0.007263,-0.000059,33.000000,287.803362,-0.692761,-0.007495,0.000000,111.219585
9.000000,291.103347,291.098596,0.519521,-0.000844,32.999947,-0.000509,0.000048,0.000055,1.237326,0.006884,-0.000053,33.000000,291.103347,-0.717879,-0.007728,0.000000,107.920128
9.100000,294.403284,294.398590,0.516735,-0.001467,32.999952,-0.000504,0.000042,0.000197,1.260423,0.006489,-0.000048,33.000000,294.403284,-0.743765,-0.007956,0.000000,104.620666
9.200000,297.703217,297.698581,0.511895,-0.002082,32.999956,-0.000484,0.000036,0.000125,1.282202,0.006096,-0.000044,33.000000,297.703217,-0.770387,-0.008178,0.000000,101.321200
9.300000,301.003182,300.998570,0.505023,-0.002674,32.999959,-0.000472,0.000031,0.000148,1.302668,0.005721,-0.000041,33.000000,301.003182,-0.797730,-0.008395,0.000000,98.021732
9.400000,304.303105,304.298554,0.496198,-0.003250,32.999963,-0.000457,0.000027,0.000047,1.321902,0.005356,-0.000037,33.000000,304.303105,-0.825792,-0.008607,0.000000,94.722263
9.500000,307.603024,307.598533,0.485472,-0.003809,32.999965,-0.000452,0.000024,0.000207,1.339916,0.005004,-0.000035,33.000000,307.603024,-0.854536,-0.008812,0.000000,91.422796
9.600000,310.902938,310.898505,0.472903,-0.004361,32.999968,-0.000431,0.000021,0.000287,1.356752,0.004651,-0.000032,33.000000,310.902938,-0.883944,-0.009012,0.000000,88.123334
9.700000,314.202874,314.198471,0.458511,-0.004889,32.999970,-0.000403,0.000018,-0.000170,1.372419,0.004317,-0.000030,33.000000,314.202874,-0.914007,-0.009206,0.000000,84.823879
9.800000,317.502776,317.498428,0.442378,-0.005381,32.999972,-0.000420,0.000015,0.000264,1.386976,0.004012,-0.000028,33.000000,317.502776,-0.944699,-0.009393,0.000000,81.524434
9.900000,320.802673,320.798378,0.424622,-0.005894,32.999973,-0.000393,0.000013,0.000118,1.400511,0.003680,-0.000027,33.000000,320.802673,-0.975994,-0.009574,0.000000,78.225003
10.000000,324.102586,324.098318,0.405173,-0.006374,32.999974,-0.000381,0.000012,0.000099,1.412941,0.003374,-0.000026,33.000000,324.102586,-1.007877,-0.009749,0.000000,74.925589
10.100000,327.402470,327.398248,0.384138,-0.006840,32.999976,-0.000372,0.000010,0.000175,1.424357,0.003076,-0.000024,33.000000,327.402470,-1.040331,-0.009917,0.000000,71.626196
10.200000,330.702348,330.698168,0.361565,-0.007295,32.999977,-0.000354,0.000009,0.000179,1.434774,0.002784,-0.000023,33.000000,330.702348,-1.073324,-0.010078,0.000000,68.326830
10.300000,334.002239,333.998078,0.337493,-0.007727,32.999977,-0.000336,0.000008,0.000168,1.444209,0.002506,-0.000023,33.000000,334.002239,-1.106835,-0.010233,0.000000,65.027495
10.400000,337.302104,337.297977,0.311992,-0.008138,32.999978,-0.000319,0.000006,0.000972,1.452725,0.002242,-0.000022,33.000000,337.302104,-1.140854,-0.010381,0.000000,61.728199
10.500000,340.601963,340.597866,0.285136,-0.008529,32.999979,-0.000222,0.000005,-0.001232,1.460358,0.001993,-0.000021,33.000000,340.601963,-1.175346,-0.010522,0.000000,58.428951
10.600000,343.901816,343.897744,0.256992,-0.008800,32.999979,-0.000345,0.000005,0.001291,1.467152,0.001855,-0.000021,33.000000,343.901816,-1.210286,-0.010655,0.000000,55.129762
10.700000,347.201676,347.197614,0.227952,-0.009222,32.999980,-0.000216,0.000004,-0.001628,1.473484,0.001560,-0.000020,33.000000,347.201676,-1.245661,-0.010782,0.000000,51.830652
10.800000,350.501517,350.497472,0.197518,-0.009487,32.999980,-0.000379,0.000003,0.001838,1.478829,0.001415,-0.000020,33.000000,350.501517,-1.281442,-0.010901,0.000000,48.531625
10.900000,353.801351,353.797321,0.166213,-0.009950,32.999981,-0.000195,0.000003,0.000314,1.483680,0.001063,-0.000019,33.000000,353.801351,-1.317602,-0.011013,0.000000,45.232714
11.000000,357.101191,357.097156,0.133378,-0.010189,32.999981,-0.000164,0.000003,-0.000374,1.487360,0.000929,-0.000019,33.000000,357.101191,-1.354119,-0.011118,0.000000,41.933926
11.100000,360.401013,360.396983,0.099755,-0.010389,32.999981,-0.000201,0.000002,-0.000785,1.490590,0.000826,-0.000019,33.000000,360.401013,-1.390973,-0.011215,0.000000,38.635315
11.200000,363.700830,363.696803,0.065471,-0.010635,32.999981,-0.000280,0.000002,0.001802,1.493463,0.000670,-0.000019,33.000000,363.700830,-1.428133,-0.011305,0.000000,35.336935
11.300000,367.000650,366.996614,0.030376,-0.010977,32.999982,-0.000100,0.000002,0.000849,1.495806,0.000410,-0.000018,33.000000,367.000650,-1.465573,-0.011387,0.000000,32.038849
11.400000,370.300456,370.296413,-0.005848,-0.011099,32.999982,-0.000015,0.000001,-0.006237,1.497284,0.000362,-0.000018,33.000000,370.300456,-1.503277,-0.011461,0.000000,28.741142
11.500000,373.600257,373.596208,-0.042474,-0.011117,32.999982,-0.000638,0.000001,0.012027,1.498592,0.000411,-0.000018,33.000000,373.600257,-1.541211,-0.011528,0.000000,25.443990
11.600000,376.900054,376.896003,-0.079158,-0.011897,32.999982,0.000564,0.000001,0.038937,1.500046,-0.000310,-0.000018,33.000000,376.900054,-1.579351,-0.011587,0.000000,22.147645
11.700000,380.199851,380.195767,-0.118417,-0.011207,32.999982,0.004458,0.000001,-0.008481,1.499109,0.000431,-0.000018,33.000000,380.199851,-1.617675,-0.011638,0.000000,18.852365
11.800000,383.499638,383.495558,-0.155401,-0.005759,32.999982,0.003610,0.000001,-0.089592,1.500604,0.005923,-0.000018,33.000000,383.499638,-1.656155,-0.011681,0.000000,15.559123
11.900000,386.799363,386.795502,-0.174404,-0.001346,32.999982,-0.005349,0.000023,-0.145403,1.520210,0.010371,-0.000018,33.000000,386.799363,-1.694763,-0.011717,0.000000,12.270870
12.000000,390.098967,390.095497,-0.178847,-0.007884,32.999985,-0.019890,-0.000002,-0.108154,1.554479,0.003860,-0.000015,33.000000,390.098967,-1.733474,-0.011745,0.000000,8.992228
12.100000,393.398718,393.395393,-0.204865,-0.032197,32.999984,-0.030705,-0.000002,0.080470,1.567253,-0.020433,-0.000016,33.000000,393.398718,-1.772266,-0.011764,0.000000,5.730394
12.200000,396.697803,396.693681,-0.311097,-0.069737,32.999984,-0.022658,-0.000002,0.144685,1.499852,-0.057961,-0.000016,33.000000,396.697803,-1.811102,-0.011776,0.000000,2.513579
12.300000,399.992033,399.985658,-0.541043,-0.097435,32.999984,-0.008189,-0.000002,0.135781,1.308698,-0.085654,-0.000016,33.000000,399.992033,-1.849906,-0.011780,0.000000,-0.040935
12.400000,403.279702,403.270005,-0.862069,-0.107444,32.999984,0.005389,-0.000001,0.090980,1.026380,-0.095668,-0.000016,33.000000,403.279702,-1.888634,-0.011776,0.000000,2.331649
12.500000,406.564370,406.550973,-1.215953,-0.100858,32.999984,0.014487,-0.000001,0.037458,0.711140,-0.089094,-0.000016,33.000000,406.564370,-1.927300,-0.011765,0.000000,5.557129
12.600000,409.851028,409.834202,-1.548221,-0.083151,32.999984,0.018232,-0.000001,-0.006917,0.417491,-0.071406,-0.000016,33.000000,409.851028,-1.965938,-0.011745,0.000000,8.834320
12.700000,413.142336,413.122798,-1.822303,-0.060864,32.999983,0.017541,-0.000001,-0.034505,0.182010,-0.049147,-0.000017,33.000000,413.142336,-2.004554,-0.011718,0.000000,12.126756
12.800000,416.438064,416.416686,-2.023031,-0.039424,32.999983,0.014090,-0.000001,-0.045526,0.019835,-0.027741,-0.000017,33.000000,416.438064,-2.043117,-0.011682,0.000000,15.425016
12.900000,419.736493,419.714120,-2.153095,-0.022201,32.999983,0.009538,-0.000001,-0.043927,-0.071767,-0.010562,-0.000017,33.000000,419.736493,-2.081584,-0.011639,0.000000,18.724935
13.000000,423.035963,423.013306,-2.226352,-0.010544,32.999983,0.005145,-0.000000,-0.034834,-0.106700,0.001044,-0.000017,33.000000,423.035963,-2.119908,-0.011588,0.000000,22.024765
13.100000,426.335633,426.313120,-2.261145,-0.004255,32.999983,0.001661,-0.000000,-0.022919,-0.103348,0.007274,-0.000017,33.000000,426.335633,-2.158050,-0.011529,0.000000,25.324127
13.200000,429.635209,429.613089,-2.275187,-0.002225,32.999983,-0.000630,-0.000000,-0.011586,-0.079450,0.009238,-0.000017,33.000000,429.635209,-2.195985,-0.011463,0.000000,28.623233
13.300000,432.934724,432.913079,-2.282529,-0.002995,32.999983,-0.001789,-0.000000,-0.002773,-0.049082,0.008393,-0.000017,33.000000,432.934724,-2.233690,-0.011388,0.000000,31.922380
13.400000,436.234208,436.213063,-2.292412,-0.005182,32.999983,-0.002066,-0.000000,0.002857,-0.021517,0.006125,-0.000017,33.000000,436.234208,-2.271133,-0.011306,0.000000,35.221731
13.500000,439.533785,439.513017,-2.309511,-0.007707,32.999983,-0.001781,-0.000000,0.005529,-0.001449,0.003510,-0.000017,33.000000,439.533785,-2.308295,-0.011217,0.000000,38.521308
13.600000,442.833395,442.812917,-2.334945,-0.009883,32.999983,-0.001228,-0.000000,0.005956,0.009979,0.001237,-0.000017,33.000000,442.833395,-2.345152,-0.011120,0.000000,41.821058
13.700000,446.132956,446.112754,-2.367559,-0.011384,32.999983,-0.000632,-0.000000,0.005000,0.013893,-0.000368,-0.000017,33.000000,446.132956,-2.381675,-0.011015,0.000000,45.120914
13.800000,449.432568,449.412538,-2.405125,-0.012156,32.999983,-0.000132,-0.000000,0.003436,0.012494,-0.001253,-0.000017,33.000000,449.432568,-2.417839,-0.010904,0.000000,48.420828
13.900000,452.732171,452.712293,-2.445241,-0.012318,32.999983,0.000212,-0.000000,0.001833,0.008169,-0.001534,-0.000017,33.000000,452.732171,-2.453625,-0.010784,0.000000,51.720767
14.000000,456.031692,456.012041,-2.485889,-0.012059,32.999983,0.000395,-0.000000,0.000535,0.002908,-0.001401,-0.000017,33.000000,456.031692,-2.489006,-0.010658,0.000000,55.020717
14.100000,459.331275,459.311799,-2.525684,-0.011577,32.999983,0.000448,-0.000000,-0.000321,-0.001937,-0.001053,-0.000017,33.000000,459.331275,-2.523952,-0.010524,0.000000,58.320667
14.200000,462.630854,462.611576,-2.563887,-0.011029,32.999983,0.000416,-0.000000,-0.000749,-0.005637,-0.000645,-0.000017,33.000000,462.630854,-2.558449,-0.010384,0.000000,61.620614
14.300000,465.930428,465.911374,-2.600281,-0.010520,32.999983,0.000341,-0.000000,-0.000839,-0.008001,-0.000284,-0.000017,33.000000,465.930428,-2.592474,-0.010236,0.000000,64.920557
14.400000,469.229908,469.211190,-2.634997,-0.010103,32.999983,0.000257,-0.000000,-0.000711,-0.009192,-0.000022,-0.000017,33.000000,469.229908,-2.625994,-0.010081,0.000000,68.220495
14.500000,472.529468,472.511020,-2.668337,-0.009789,32.999983,0.000186,-0.000000,-0.000483,-0.009526,0.000132,-0.000017,33.000000,472.529468,-2.658994,-0.009920,0.000000,71.520431
14.600000,475.829023,475.810860,-2.700639,-0.009561,32.999983,0.000138,-0.000000,-0.000244,-0.009361,0.000191,-0.000017,33.000000,475.829023,-2.691455,-0.009752,0.000000,74.820367
14.700000,479.128474,479.110707,-2.732189,-0.009392,32.999983,0.000114,-0.000000,-0.000044,-0.009011,0.000185,-0.000017,33.000000,479.128474,-2.723348,-0.009578,0.000000,78.120303
14.800000,482.428017,482.410560,-2.763184,-0.009254,32.999983,0.000109,-0.000000,0.000092,-0.008696,0.000143,-0.000017,33.000000,482.428017,-2.754651,-0.009397,0.000000,81.420240
14.900000,485.727557,485.710417,-2.793720,-0.009120,32.999983,0.000118,-0.000000,0.000162,-0.008526,0.000089,-0.000017,33.000000,485.727557,-2.785351,-0.009210,0.000000,84.720180
15.000000,489.026982,489.010278,-2.823816,-0.008976,32.999983,0.000134,-0.000000,0.000178,-0.008540,0.000041,-0.000017,33.000000,489.026982,-2.815426,-0.009016,0.000000,88.020122
15.100000,492.326511,492.310143,-2.853435,-0.008811,32.999983,0.000152,-0.000000,0.000165,-0.008736,0.000005,-0.000017,33.000000,492.326511,-2.844843,-0.008817,0.000000,91.320065
15.200000,495.626037,495.610014,-2.882512,-0.008625,32.999983,0.000169,-0.000000,0.000131,-0.009053,-0.000014,-0.000017,33.000000,495.626037,-2.873597,-0.008611,0.000000,94.620009
15.300000,498.925559,498.909889,-2.910975,-0.008419,32.999983,0.000182,-0.000000,0.000092,-0.009436,-0.000019,-0.000017,33.000000,498.925559,-2.901670,-0.008400,0.000000,97.919953
15.400000,502.224956,502.209770,-2.938757,-0.008197,32.999983,0.000191,-0.000000,0.000062,-0.009854,-0.000013,-0.000017,33.000000,502.224956,-2.929026,-0.008183,0.000000,101.219896
15.500000,505.524470,505.509658,-2.965805,-0.007963,32.999983,0.000197,-0.000000,0.000039,-0.010262,-0.000002,-0.000017,33.000000,505.524470,-2.955660,-0.007961,0.000000,104.519839
15.600000,508.823982,508.809551,-2.992083,-0.007722,32.999983,0.000201,-0.000000,0.000025,-0.010637,0.000011,-0.000017,33.000000,508.823982,-2.981558,-0.007733,0.000000,107.819781
15.700000,512.123359,512.109451,-3.017565,-0.007476,32.999983,0.000204,-0.000000,0.000020,-0.010978,0.000024,-0.000017,33.000000,512.123359,-3.006692,-0.007500,0.000000,111.119722
15.800000,515.422864,515.409357,-3.042237,-0.007227,32.999983,0.000206,-0.000000,0.000022,-0.011290,0.000035,-0.000017,33.000000,515.422864,-3.031044,-0.007263,0.000000,114.419662
15.900000,518.722368,518.709270,-3.066087,-0.006976,32.999983,0.000208,-0.000000,0.000024,-0.011569,0.000044,-0.000017,33.000000,518.722368,-3.054610,-0.007020,0.000000,117.719600
16.000000,522.021729,522.009188,-3.089108,-0.006722,32.999983,0.000210,-0.000000,0.000026,-0.011822,0.000050,-0.000017,33.000000,522.021729,-3.077371,-0.006772,0.000000,121.019536
16.100000,525.321227,525.309111,-3.111291,-0.006465,32.999983,0.000213,-0.000000,0.000032,-0.012075,0.000055,-0.000017,33.000000,525.321227,-3.099295,-0.006520,0.000000,124.319470
16.200000,528.620723,528.609041,-3.132627,-0.006205,32.999983,0.000216,-0.000000,0.000034,-0.012314,0.000058,-0.000017,33.000000,528.620723,-3.120386,-0.006264,0.000000,127.619403
16.300000,531.920219,531.908975,-3.153104,-0.005941,32.999983,0.000219,-0.000000,0.000032,-0.012540,0.000062,-0.000017,33.000000,531.920219,-3.140631,-0.006003,0.000000,130.919333
16.400000,535.219563,535.208915,-3.172711,-0.005673,32.999983,0.000223,-0.000000,0.000033,-0.012773,0.000065,-0.000017,33.000000,535.219563,-3.159999,-0.005739,0.000000,134.219262
16.500000,538.519054,538.508861,-3.191433,-0.005401,32.999983,0.000226,-0.000000,0.000032,-0.013000,0.000069,-0.000017,33.000000,538.519054,-3.178489,-0.005470,0.000000,137.519188
16.600000,541.818545,541.808811,-3.209257,-0.005125,32.999983,0.000229,-0.000000,0.000028,-0.013214,0.000073,-0.000017,33.000000,541.818545,-3.196093,-0.005198,0.000000,140.819111
16.700000,545.117878,545.108766,-3.226170,-0.004845,32.999983,0.000232,-0.000000,0.000026,-0.013423,0.000077,-0.000017,33.000000,545.117878,-3.212791,-0.004922,0.000000,144.119032
16.800000,548.417365,548.408725,-3.242160,-0.004562,32.999983,0.000234,-0.000000,0.000025,-0.013633,0.000081,-0.000017,33.000000,548.417365,-3.228567,-0.004643,0.000000,147.418950
16.900000,551.716852,551.708689,-3.257214,-0.004276,32.999983,0.000237,-0.000000,0.000022,-0.013825,0.000086,-0.000017,33.000000,551.716852,-3.243425,-0.004361,0.000000,150.718866
17.000000,555.016177,555.008657,-3.271323,-0.003986,32.999983,0.000239,-0.000000,0.000018,-0.014002,0.000090,-0.000017,33.000000,555.016177,-3.257352,-0.004076,0.000000,154.018778
17.100000,558.315661,558.308629,-3.284477,-0.003694,32.999983,0.000241,-0.000000,0.000020,-0.014185,0.000094,-0.000017,33.000000,558.315661,-3.270319,-0.003788,0.000000,157.318686
17.200000,561.615146,561.608605,-3.296667,-0.003399,32.999983,0.000243,-0.000000,0.000017,-0.014350,0.000099,-0.000017,33.000000,561.615146,-3.282339,-0.003498,0.000000,160.618592
17.300000,564.914630,564.908584,-3.307885,-0.003103,32.999983,0.000245,-0.000000,0.000014,-0.014498,0.000103,-0.000017,33.000000,564.914630,-3.293406,-0.003205,0.000000,163.918494
17.400000,568.213946,568.208567,-3.318124,-0.002804,32.999983,0.000246,-0.000000,0.000014,-0.014647,0.000107,-0.000017,33.000000,568.213946,-3.303492,-0.002911,0.000000,167.218392
17.500000,571.513429,571.508552,-3.327375,-0.002503,32.999983,0.000247,-0.000000,0.000013,-0.014785,0.000111,-0.000017,33.000000,571.513429,-3.312603,-0.002614,0.000000,170.518287
17.600000,574.812911,574.808540,-3.335635,-0.002201,32.999983,0.000249,-0.000000,0.000010,-0.014906,0.000115,-0.000017,33.000000,574.812911,-3.320739,-0.002315,0.000000,173.818178
17.700000,578.112223,578.108530,-3.342897,-0.001897,32.999983,0.000250,-0.000000,0.000008,-0.015018,0.000119,-0.000017,33.000000,578.112223,-3.327886,-0.002015,0.000000,177.118064
17.800000,581.411704,581.408523,-3.349156,-0.001591,32.999983,0.000250,-0.000000,0.000008,-0.015129,0.000122,-0.000017,33.000000,581.411704,-3.334032,-0.001714,0.000000,180.417947
17.900000,584.711185,584.708517,-3.354408,-0.001285,32.999983,0.000251,-0.000000,0.000005,-0.015222,0.000126,-0.000017,33.000000,584.711185,-3.339189,-0.001411,0.000000,183.717825
18.000000,588.010494,588.008512,-3.358649,-0.000978,32.999983,0.000252,-0.000000,0.000002,-0.015298,0.000129,-0.000017,33.000000,588.010494,-3.343354,-0.001108,0.000000,187.017699
18.100000,591.309975,591.308509,-3.361878,-0.000670,32.999983,0.000252,-0.000000,0.000004,-0.015381,0.000133,-0.000017,33.000000,591.309975,-3.346498,-0.000803,0.000000,190.317569
18.200000,594.609456,594.608507,-3.364090,-0.000363,32.999983,0.000252,-0.000000,0.000001,-0.015446,0.000136,-0.000017,33.000000,594.609456,-3.348645,-0.000499,0.000000,193.617434
18.300000,597.908936,597.908505,-3.365287,-0.000054,32.999983,0.000252,-0.000000,-0.000003,-0.015493,0.000139,-0.000017,33.000000,597.908936,-3.349794,-0.000193,0.000000,196.917295
18.400000,601.208244,601.208503,-3.365465,0.000255,32.999983,0.000252,-0.000000,-0.000003,-0.015540,0.000143,-0.000017,33.000000,601.208244,-3.349925,0.000112,0.000000,200.217150
18.500000,604.507724,604.508501,-3.364625,0.000563,32.999983,0.000252,-0.000000,-0.000004,-0.015577,0.000146,-0.000017,33.000000,604.507724,-3.349048,0.000417,0.000000,203.517001
18.600000,607.807205,607.808499,-3.362768,0.000871,32.999983,0.000252,-0.000000,-0.000007,-0.015595,0.000149,-0.000017,33.000000,607.807205,-3.347174,0.000722,0.000000,206.816847
18.700000,611.106513,611.108496,-3.359895,0.001178,32.999983,0.000251,-0.000000,-0.000009,-0.015604,0.000152,-0.000017,33.000000,611.106513,-3.344292,0.001026,0.000000,210.116689
18.800000,614.405994,614.408492,-3.356007,0.001485,32.999983,0.000250,-0.000000,-0.000009,-0.015612,0.000155,-0.000017,33.000000,614.405994,-3.340398,0.001330,0.000000,213.416525
18.900000,617.705475,617.708487,-3.351107,0.001790,32.999983,0.000249,-0.000000,-0.000011,-0.015601,0.000157,-0.000017,33.000000,617.705475,-3.335511,0.001633,0.000000,216.716356
19.000000,621.004786,621.008480,-3.345200,0.002095,32.999983,0.000248,-0.000000,-0.000015,-0.015572,0.000160,-0.000017,33.000000,621.004786,-3.329634,0.001935,0.000000,220.016182
19.100000,624.304268,624.308471,-3.338288,0.002398,32.999983,0.000246,-0.000000,-0.000013,-0.015551,0.000162,-0.000017,33.000000,624.304268,-3.322745,0.002235,0.000000,223.316003
19.200000,627.603749,627.608459,-3.330376,0.002699,32.999983,0.000245,0.000000,-0.000016,-0.015512,0.000165,-0.000017,33.000000,627.603749,-3.314876,0.002534,0.000000,226.615819
19.300000,630.903231,630.908446,-3.321470,0.002998,32.999983,0.000244,0.000000,-0.000019,-0.015455,0.000167,-0.000017,33.000000,630.903231,-3.306030,0.002831,0.000000,229.915630
19.400000,634.202547,634.208429,-3.311576,0.003296,32.999983,0.000242,0.000000,-0.000019,-0.015397,0.000169,-0.000017,33.000000,634.202547,-3.296197,0.003127,0.000000,233.215435
19.500000,637.502030,637.508409,-3.300700,0.003591,32.999983,0.000240,0.000000,-0.000020,-0.015329,0.000171,-0.000017,33.000000,637.502030,-3.285392,0.003420,0.000000,236.515235
19.600000,640.801514,640.808386,-3.288849,0.003884,32.999983,0.000238,0.000000,-0.000024,-0.015243,0.000173,-0.000017,33.000000,640.801514,-3.273632,0.003711,0.000000,239.815031
19.700000,644.100836,644.108360,-3.276032,0.004174,32.999983,0.000235,0.000000,-0.000025,-0.015148,0.000175,-0.000017,33.000000,644.100836,-3.260914,0.003999,0.000000,243.114821
19.800000,647.400321,647.408329,-3.262257,0.004462,32.999983,0.000233,0.000000,-0.000025,-0.015052,0.000177,-0.000017,33.000000,647.400321,-3.247240,0.004285,0.000000,246.414605
19.900000,650.699808,650.708295,-3.247533,0.004746,32.999983,0.000230,0.000000,-0.000028,-0.014938,0.000178,-0.000017,33.000000,650.699808,-3.232634,0.004568,0.000000,249.714385
20.000000,653.999294,654.008256,-3.231871,0.005027,32.999983,0.000227,0.000000,-0.000031,-0.014806,0.000180,-0.000017,33.000000,653.999294,-3.217108,0.004848,0.000000,253.014160
20.100000,657.298626,657.308213,-3.215281,0.005305,32.999983,0.000224,0.000000,-0.000029,-0.014682,0.000181,-0.000017,33.000000,657.298626,-3.200647,0.005124,0.000000,256.313930
20.200000,660.598116,660.608164,-3.197773,0.005580,32.999983,0.000221,0.000000,-0.000031,-0.014541,0.000182,-0.000017,33.000000,660.598116,-3.183286,0.005398,0.000000,259.613695
20.300000,663.897606,663.908111,-3.179360,0.005850,32.999983,0.000218,0.000000,-0.000035,-0.014383,0.000183,-0.000017,33.000000,663.897606,-3.165037,0.005667,0.000000,262.913454
20.400000,667.196948,667.208053,-3.160055,0.006117,32.999983,0.000215,0.000000,-0.000035,-0.014224,0.000184,-0.000017,33.000000,667.196948,-3.145897,0.005933,0.000000,266.213210
20.500000,670.496442,670.507990,-3.139869,0.006379,32.999983,0.000211,0.000000,-0.000036,-0.014056,0.000185,-0.000017,33.000000,670.496442,-3.125885,0.006194,0.000000,269.512960
20.600000,673.795938,673.807921,-3.118817,0.006638,32.999983,0.000208,0.000000,-0.000038,-0.013871,0.000186,-0.000017,33.000000,673.795938,-3.105023,0.006452,0.000000,272.812706
20.700000,677.095293,677.107846,-3.096913,0.006892,32.999983,0.000204,0.000000,-0.000040,-0.013678,0.000186,-0.000017,33.000000,677.095293,-3.083319,0.006705,0.000000,276.112448
20.800000,680.394793,680.407766,-3.074171,0.007141,32.999983,0.000200,0.000000,-0.000040,-0.013484,0.000187,-0.000017,33.000000,680.394793,-3.060777,0.006954,0.000000,279.412185
20.900000,683.694295,683.707680,-3.050607,0.007385,32.999983,0.000196,0.000000,-0.000042,-0.013274,0.000187,-0.000017,33.000000,683.694295,-3.037429,0.007198,0.000000,282.711918
21.000000,686.993799,687.007589,-3.026236,0.007624,32.999983,0.000192,0.000000,-0.000045,-0.013049,0.000187,-0.000017,33.000000,686.993799,-3.013290,0.007437,0.000000,286.011647
21.100000,690.293174,690.307491,-3.001076,0.007859,32.999983,0.000187,0.000000,-0.000043,-0.012830,0.000187,-0.000017,33.000000,690.293174,-2.988356,0.007671,0.000000,289.311372
21.200000,693.592684,693.607388,-2.975142,0.008088,32.999983,0.000183,0.000000,-0.000045,-0.012596,0.000187,-0.000017,33.000000,693.592684,-2.962662,0.007901,0.000000,292.611093
21.300000,696.892197,696.907278,-2.948453,0.008311,32.999983,0.000178,0.000000,-0.000048,-0.012348,0.000187,-0.000017,33.000000,696.892197,-2.936228,0.008124,0.000000,295.910811
21.400000,700.191590,700.207162,-2.921026,0.008529,32.999983,0.000174,0.000000,-0.000048,-0.012098,0.000187,-0.000017,33.000000,700.191590,-2.909058,0.008343,0.000000,299.210525
21.500000,703.491111,703.507040,-2.892880,0.008742,32.999983,0.000169,0.000000,-0.000049,-0.011841,0.000186,-0.000017,33.000000,703.491111,-2.881175,0.008555,0.000000,302.510237
21.600000,706.790635,706.806913,-2.864033,0.008948,32.999983,0.000164,0.000000,-0.000051,-0.011570,0.000186,-0.000017,33.000000,706.790635,-2.852605,0.008762,0.000000,305.809945
21.700000,710.090050,710.106779,-2.834505,0.009148,32.999983,0.000159,0.000000,-0.000052,-0.011292,0.000185,-0.000017,33.000000,710.090050,-2.823363,0.008963,0.000000,309.109650
21.800000,713.389584,713.406639,-2.804316,0.009343,32.999983,0.000154,0.000000,-0.000052,-0.011013,0.000184,-0.000017,33.000000,713.389584,-2.793459,0.009158,0.000000,312.409353
21.900000,716.689121,716.706493,-2.773485,0.009531,32.999983,0.000149,0.000000,-0.000053,-0.010721,0.000183,-0.000017,33.000000,716.689121,-2.762926,0.009347,0.000000,315.709054
22.000000,719.988662,720.006342,-2.742035,0.009712,32.999983,0.000143,0.000000,-0.000055,-0.010417,0.000182,-0.000017,33.000000,719.988662,-2.731786,0.009530,0.000000,319.008752
22.100000,723.288110,723.306184,-2.709985,0.009887,32.999983,0.000138,0.000000,-0.000055,-0.010117,0.000181,-0.000017,33.000000,723.288110,-2.700043,0.009706,0.000000,322.308449
22.200000,726.587663,726.606021,-2.677358,0.010056,32.999983,0.000132,0.000000,-0.000056,-0.009806,0.000180,-0.000017,33.000000,726.587663,-2.667733,0.009876,0.000000,325.608143
22.300000,729.887221,729.905853,-2.644176,0.010217,32.999983,0.000127,0.000000,-0.000058,-0.009484,0.000178,-0.000017,33.000000,729.887221,-2.634878,0.010039,0.000000,328.907837
22.400000,733.186698,733.205679,-2.610460,0.010372,32.999983,0.000121,0.000000,-0.000058,-0.009161,0.000177,-0.000017,33.000000,733.186698,-2.601492,0.010195,0.000000,332.207529
22.500000,736.486270,736.505500,-2.576233,0.010520,32.999983,0.000115,0.000000,-0.000058,-0.008832,0.000175,-0.000017,33.000000,736.486270,-2.567600,0.010345,0.000000,335.507221
22.600000,739.785848,739.805315,-2.541518,0.010661,32.999983,0.000109,0.000000,-0.000060,-0.008493,0.000173,-0.000017,33.000000,739.785848,-2.533229,0.010487,0.000000,338.806911
22.700000,743.085358,743.105126,-2.506339,0.010794,32.999983,0.000103,0.000000,-0.000060,-0.008148,0.000171,-0.000017,33.000000,743.085358,-2.498401,0.010623,0.000000,342.106602
22.800000,746.384952,746.404932,-2.470719,0.010920,32.999983,0.000097,0.000000,-0.000060,-0.007803,0.000169,-0.000017,33.000000,746.384952,-2.463131,0.010751,0.000000,345.406292
22.900000,749.684552,749.704734,-2.434682,0.011039,32.999983,0.000091,0.000000,-0.000061,-0.007448,0.000167,-0.000017,33.000000,749.684552,-2.427453,0.010872,0.000000,348.705983
23.000000,752.984160,753.004531,-2.398253,0.011151,32.999983,0.000085,0.000000,-0.000062,-0.007086,0.000165,-0.000017,33.000000,752.984160,-2.391390,0.010986,0.000000,352.005674
23.100000,756.283717,756.304324,-2.361455,0.011255,32.999983,0.000079,0.000000,-0.000062,-0.006726,0.000162,-0.000017,33.000000,756.283717,-2.354958,0.011093,0.000000,355.305365
23.200000,759.583343,759.604113,-2.324314,0.011352,32.999983,0.000073,0.000000,-0.000063,-0.006358,0.000160,-0.000017,33.000000,759.583343,-2.318188,0.011192,0.000000,358.605058
23.300000,762.882978,762.903899,-2.286855,0.011441,32.999983,0.000066,0.000000,-0.000064,-0.005984,0.000157,-0.000017,33.000000,762.882978,-2.281106,0.011283,0.000000,361.904752
23.400000,766.182575,766.203681,-2.249102,0.011522,32.999983,0.000060,0.000000,-0.000064,-0.005609,0.000155,-0.000017,33.000000,766.182575,-2.243733,0.011367,0.000000,365.204447
23.500000,769.482231,769.503460,-2.211081,0.011595,32.999983,0.000054,0.000000,-0.000064,-0.005230,0.000152,-0.000017,33.000000,769.482231,-2.206094,0.011443,0.000000,368.504145
23.600000,772.781896,772.803237,-2.172817,0.011661,32.999983,0.000047,0.000000,-0.000064,-0.004845,0.000149,-0.000017,33.000000,772.781896,-2.168217,0.011512,0.000000,371.803844
23.700000,776.081537,776.103011,-2.134337,0.011719,32.999983,0.000041,0.000000,-0.000065,-0.004457,0.000146,-0.000017,33.000000,776.081537,-2.130128,0.011573,0.000000,375.103546
23.800000,779.381225,779.402782,-2.095665,0.011769,32.999983,0.000034,0.000000,-0.000065,-0.004069,0.000143,-0.000017,33.000000,779.381225,-2.091847,0.011626,0.000000,378.403250
23.900000,782.680923,782.702552,-2.056829,0.011811,32.999983,0.000028,0.000000,-0.000065,-0.003676,0.000140,-0.000017,33.000000,782.680923,-2.053406,0.011671,0.000000,381.702957
24.000000,785.980631,786.002320,-2.017854,0.011845,32.999983,0.000021,0.000000,-0.000065,-0.003279,0.000136,-0.000017,33.000000,785.980631,-2.014828,0.011709,0.000000,385.002668
24.100000,789.280336,789.302087,-1.978766,0.011871,32.999983,0.000015,0.000000,-0.000065,-0.002883,0.000133,-0.000017,33.000000,789.280336,-1.976138,0.011739,0.000000,388.302382
24.200000,792.580070,792.601853,-1.939591,0.011890,32.999983,0.000008,0.000000,-0.000065,-0.002484,0.000129,-0.000017,33.000000,792.580070,-1.937364,0.011760,0.000000,391.602099
24.300000,795.879815,795.901618,-1.900357,0.011900,32.999983,0.000002,0.000000,-0.000065,-0.002082,0.000126,-0.000017,33.000000,795.879815,-1.898531,0.011774,0.000000,394.901820
24.400000,799.179571,799.201383,-1.861088,0.011902,32.999983,-0.000005,0.000000,-0.000065,-0.001680,0.000122,-0.000017,33.000000,799.179571,-1.859665,0.011780,0.000000,398.201546
24.500000,802.479345,802.501147,-1.821812,0.011896,32.999983,-0.000011,0.000000,-0.000065,-0.001276,0.000118,-0.000017,33.000000,802.479345,-1.820793,0.011778,0.000000,401.501276
24.600000,805.779130,805.800912,-1.782555,0.011883,32.999983,-0.000018,0.000000,-0.000065,-0.000872,0.000115,-0.000017,33.000000,805.779130,-1.781940,0.011768,0.000000,404.801010
24.700000,809.078941,809.100677,-1.743344,0.011861,32.999983,-0.000024,0.000000,-0.000065,-0.000467,0.000111,-0.000017,33.000000,809.078941,-1.743132,0.011750,0.000000,408.100750
24.800000,812.378756,812.400443,-1.704204,0.011831,32.999983,-0.000031,0.000000,-0.000065,-0.000061,0.000107,-0.000017,33.000000,812.378756,-1.704397,0.011725,0.000000,411.400494
24.900000,815.678584,815.700211,-1.665162,0.011794,32.999983,-0.000037,0.000000,-0.000065,0.000344,0.000103,-0.000017,33.000000,815.678584,-1.665759,0.011691,0.000000,414.700244
25.000000,818.978426,818.999980,-1.626243,0.011748,32.999983,-0.000044,-0.000000,-0.000064,0.000748,0.000098,-0.000017,33.000000,818.978426,-1.627243,0.011650,0.000000,417.999999
25.100000,822.278311,822.299750,-1.587476,0.011695,32.999983,-0.000050,-0.000000,-0.000064,0.001154,0.000094,-0.000017,33.000000,822.278311,-1.588879,0.011600,0.000000,421.299759
25.200000,825.578184,825.599523,-1.548884,0.011633,32.999983,-0.000057,-0.000000,-0.000064,0.001558,0.000090,-0.000017,33.000000,825.578184,-1.550689,0.011543,0.000000,424.599526
25.300000,828.878072,828.899298,-1.510495,0.011564,32.999983,-0.000063,-0.000000,-0.000063,0.001960,0.000086,-0.000017,33.000000,828.878072,-1.512699,0.011479,0.000000,427.899298
25.400000,832.178016,832.199075,-1.472333,0.011487,32.999983,-0.000069,-0.000000,-0.000063,0.002362,0.000081,-0.000017,33.000000,832.178016,-1.474936,0.011406,0.000000,431.199076
25.500000,835.477937,835.498856,-1.434426,0.011403,32.999983,-0.000075,-0.000000,-0.000063,0.002763,0.000077,-0.000017,33.000000,835.477937,-1.437426,0.011326,0.000000,434.498861
25.600000,838.777872,838.798640,-1.396797,0.011311,32.999983,-0.000082,-0.000000,-0.000061,0.003160,0.000072,-0.000017,33.000000,838.777872,-1.400191,0.011238,0.000000,437.798652
25.700000,842.077877,842.098427,-1.359473,0.011211,32.999983,-0.000088,-0.000000,-0.000060,0.003555,0.000068,-0.000017,33.000000,842.077877,-1.363257,0.011143,0.000000,441.098449
25.800000,845.377846,845.398218,-1.322478,0.011103,32.999983,-0.000094,-0.000000,-0.000061,0.003951,0.000063,-0.000017,33.000000,845.377846,-1.326654,0.011040,0.000000,444.398253
25.900000,848.677830,848.698013,-1.285838,0.010989,32.999983,-0.000100,-0.000000,-0.000060,0.004341,0.000059,-0.000017,33.000000,848.677830,-1.290400,0.010930,0.000000,447.698064
26.000000,851.977829,851.997812,-1.249576,0.010866,32.999983,-0.000106,-0.000000,-0.000058,0.004726,0.000054,-0.000017,33.000000,851.977829,-1.254518,0.010812,0.000000,450.997881
26.100000,855.277915,855.297615,-1.213718,0.010737,32.999983,-0.000112,-0.000000,-0.000059,0.005114,0.000049,-0.000017,33.000000,855.277915,-1.219042,0.010687,0.000000,454.297705
26.200000,858.577949,858.597423,-1.178287,0.010600,32.999983,-0.000118,-0.000000,-0.000058,0.005496,0.000045,-0.000017,33.000000,858.577949,-1.183989,0.010555,0.000000,457.597536
26.300000,861.877998,861.897236,-1.143306,0.010456,32.999983,-0.000123,-0.000000,-0.000056,0.005871,0.000040,-0.000017,33.000000,861.877998,-1.149378,0.010416,0.000000,460.897374
26.400000,865.178146,865.197054,-1.108801,0.010306,32.999983,-0.000129,-0.000000,-0.000056,0.006246,0.000035,-0.000017,33.000000,865.178146,-1.115241,0.010270,0.000000,464.197218
26.500000,868.478230,868.496877,-1.074793,0.010148,32.999983,-0.000135,-0.000000,-0.000056,0.006618,0.000030,-0.000017,33.000000,868.478230,-1.081600,0.010117,0.000000,467.497070
26.600000,871.778329,871.796705,-1.041306,0.009983,32.999983,-0.000140,-0.000000,-0.000054,0.006981,0.000026,-0.000017,33.000000,871.778329,-1.048470,0.009957,0.000000,470.796928
26.700000,875.078539,875.096539,-1.008362,0.009812,32.999983,-0.000146,-0.000000,-0.000052,0.007338,0.000021,-0.000017,33.000000,875.078539,-1.015877,0.009791,0.000000,474.096794
26.800000,878.378672,878.396379,-0.975984,0.009634,32.999983,-0.000151,-0.000000,-0.000053,0.007698,0.000016,-0.000017,33.000000,878.378672,-0.983852,0.009618,0.000000,477.396666
26.900000,881.678821,881.696224,-0.944192,0.009450,32.999983,-0.000156,-0.000000,-0.000051,0.008047,0.000011,-0.000017,33.000000,881.678821,-0.952404,0.009438,0.000000,480.696544
27.000000,884.978985,884.996075,-0.913009,0.009259,32.999983,-0.000161,-0.000000,-0.000048,0.008387,0.000006,-0.000017,33.000000,884.978985,-0.921554,0.009253,0.000000,483.996430
27.100000,888.279273,888.295932,-0.882455,0.009062,32.999983,-0.000166,-0.000000,-0.000050,0.008731,0.000001,-0.000017,33.000000,888.279273,-0.891337,0.009061,0.000000,487.296322
27.200000,891.579471,891.595794,-0.852551,0.008859,32.999983,-0.000171,-0.000000,-0.000048,0.009065,-0.000003,-0.000017,33.000000,891.579471,-0.861761,0.008862,0.000000,490.596221
27.300000,894.879684,894.895663,-0.823317,0.008650,32.999983,-0.000176,-0.000000,-0.000045,0.009388,-0.000008,-0.000017,33.000000,894.879684,-0.832844,0.008658,0.000000,493.896126
27.400000,898.180029,898.195538,-0.794772,0.008435,32.999983,-0.000180,-0.000000,-0.000045,0.009710,-0.000013,-0.000017,33.000000,898.180029,-0.804614,0.008448,0.000000,497.196037
27.500000,901.480274,901.495419,-0.766936,0.008215,32.999983,-0.000185,-0.000000,-0.000045,0.010028,-0.000018,-0.000017,33.000000,901.480274,-0.777089,0.008233,0.000000,500.495955
27.600000,904.780533,904.795306,-0.739828,0.007989,32.999983,-0.000189,-0.000000,-0.000042,0.010332,-0.000023,-0.000017,33.000000,904.780533,-0.750279,0.008012,0.000000,503.795878
27.700000,908.080933,908.095199,-0.713465,0.007757,32.999983,-0.000194,-0.000000,-0.000040,0.010629,-0.000028,-0.000017,33.000000,908.080933,-0.724206,0.007785,0.000000,507.095808
27.800000,911.381223,911.395098,-0.687866,0.007521,32.999983,-0.000198,-0.000000,-0.000041,0.010928,-0.000032,-0.000017,33.000000,911.381223,-0.698899,0.007553,0.000000,510.395743
27.900000,914.681526,914.695003,-0.663047,0.007279,32.999983,-0.000202,-0.000000,-0.000039,0.011213,-0.000037,-0.000017,33.000000,914.681526,-0.674359,0.007316,0.000000,513.695683
28.000000,917.981842,917.994914,-0.639025,0.007033,32.999983,-0.000206,-0.000000,-0.000036,0.011484,-0.000042,-0.000017,33.000000,917.981842,-0.650602,0.007075,0.000000,516.995629
28.100000,921.282309,921.294830,-0.615817,0.006782,32.999983,-0.000209,-0.000000,-0.000037,0.011762,-0.000047,-0.000017,33.000000,921.282309,-0.627664,0.006828,0.000000,520.295580
28.200000,924.582653,924.594753,-0.593438,0.006526,32.999983,-0.000213,-0.000000,-0.000035,0.012025,-0.000051,-0.000017,33.000000,924.582653,-0.605543,0.006577,0.000000,523.595536
28.300000,927.883009,927.894681,-0.571902,0.006266,32.999983,-0.000216,-0.000000,-0.000032,0.012275,-0.000056,-0.000017,33.000000,927.883009,-0.584251,0.006322,0.000000,526.895497
28.400000,931.183522,931.194614,-0.551225,0.006001,32.999983,-0.000220,-0.000000,-0.000032,0.012523,-0.000060,-0.000017,33.000000,931.183522,-0.563816,0.006062,0.000000,530.195462
28.500000,934.483903,934.494553,-0.531421,0.005733,32.999983,-0.000223,-0.000000,-0.000031,0.012765,-0.000065,-0.000017,33.000000,934.483903,-0.544248,0.005798,0.000000,533.495431
28.600000,937.784296,937.794497,-0.512502,0.005461,32.999983,-0.000226,-0.000000,-0.000028,0.012991,-0.000069,-0.000017,33.000000,937.784296,-0.525549,0.005530,0.000000,536.795404
28.700000,941.084850,941.094446,-0.494482,0.005185,32.999983,-0.000229,-0.000000,-0.000026,0.013207,-0.000074,-0.000017,33.000000,941.084850,-0.507740,0.005259,0.000000,540.095380
28.800000,944.385265,944.394400,-0.477372,0.004905,32.999983,-0.000231,-0.000000,-0.000027,0.013425,-0.000078,-0.000017,33.000000,944.385265,-0.490843,0.004984,0.000000,543.395361
28.900000,947.685689,947.694359,-0.461185,0.004623,32.999983,-0.000234,-0.000000,-0.000024,0.013627,-0.000083,-0.000017,33.000000,947.685689,-0.474852,0.004705,0.000000,546.695344
29.000000,950.986122,950.994322,-0.445929,0.004337,32.999983,-0.000236,-0.000000,-0.000020,0.013811,-0.000087,-0.000017,33.000000,950.986122,-0.459777,0.004424,0.000000,549.995330
29.100000,954.286723,954.294289,-0.431618,0.004048,32.999983,-0.000238,-0.000000,-0.000022,0.014003,-0.000091,-0.000017,33.000000,954.286723,-0.445652,0.004139,0.000000,553.295319
29.200000,957.587174,957.594260,-0.418259,0.003757,32.999983,-0.000241,-0.000000,-0.000020,0.014179,-0.000095,-0.000017,33.000000,957.587174,-0.432465,0.003852,0.000000,556.595310
29.300000,960.887633,960.894235,-0.405861,0.003463,32.999983,-0.000243,-0.000000,-0.000016,0.014338,-0.000099,-0.000017,33.000000,960.887633,-0.420223,0.003562,0.000000,559.895302
29.400000,964.188262,964.194214,-0.394433,0.003167,32.999983,-0.000244,-0.000000,-0.000016,0.014496,-0.000103,-0.000017,33.000000,964.188262,-0.408949,0.003270,0.000000,563.195297
29.500000,967.488736,967.494195,-0.383984,0.002868,32.999983,-0.000246,-0.000000,-0.000015,0.014646,-0.000107,-0.000017,33.000000,967.488736,-0.398646,0.002976,0.000000,566.495293
29.600000,970.789216,970.794180,-0.374519,0.002568,32.999983,-0.000247,-0.000000,-0.000012,0.014778,-0.000111,-0.000017,33.000000,970.789216,-0.389310,0.002679,0.000000,569.795290
29.700000,974.089867,974.094168,-0.366045,0.002266,32.999983,-0.000248,-0.000000,-0.000010,0.014900,-0.000115,-0.000017,33.000000,974.089867,-0.380955,0.002381,0.000000,573.095287
29.800000,977.390357,977.394157,-0.358568,0.001962,32.999983,-0.000249,-0.000000,-0.000010,0.015022,-0.000119,-0.000017,33.000000,977.390357,-0.373599,0.002081,0.000000,576.395286
29.900000,980.690852,980.694149,-0.352093,0.001657,32.999983,-0.000250,-0.000000,-0.000008,0.015126,-0.000122,-0.000017,33.000000,980.690852,-0.367226,0.001780,0.000000,579.695284
30.000000,983.991350,983.994143,-0.346624,0.001351,32.999983,-0.000251,-0.000000,-0.000004,0.015213,-0.000126,-0.000017,33.000000,983.991350,-0.361841,0.001477,0.000000,582.995282
30.100000,987.292020,987.294138,-0.342165,0.001044,32.999983,-0.000252,-0.000000,-0.000006,0.015307,-0.000130,-0.000017,33.000000,987.292020,-0.357475,0.001174,0.000000,586.295280
30.200000,990.592524,990.594135,-0.338719,0.000737,32.999983,-0.000252,-0.000000,-0.000003,0.015383,-0.000133,-0.000017,33.000000,990.592524,-0.354104,0.000870,0.000000,589.595277
30.300000,993.893029,993.894132,-0.336288,0.000429,32.999983,-0.000252,-0.000000,0.000001,0.015441,-0.000136,-0.000017,33.000000,993.893029,-0.351729,0.000565,0.000000,592.895272
30.400000,997.193706,997.194130,-0.334873,0.000120,32.999983,-0.000252,-0.000000,0.000001,0.015498,-0.000139,-0.000017,33.000000,997.193706,-0.350372,0.000260,0.000000,596.195267
30.500000,1000.494213,1000.494128,-0.334477,-0.000188,32.999983,-0.000252,-0.000000,0.000002,0.015546,-0.000143,-0.000017,33.000000,1000.494213,-0.350023,-0.000046,0.000000,599.495260
30.600000,1003.794721,1003.794127,-0.335098,-0.000497,32.999983,-0.000252,-0.000000,0.000005,0.015575,-0.000146,-0.000017,33.000000,1003.794721,-0.350674,-0.000351,0.000000,602.795250
30.700000,1007.095397,1007.094125,-0.336737,-0.000805,32.999983,-0.000252,-0.000000,0.000007,0.015595,-0.000149,-0.000017,33.000000,1007.095397,-0.352333,-0.000656,0.000000,606.095239
30.800000,1010.395902,1010.394122,-0.339393,-0.001112,32.999983,-0.000251,-0.000000,0.000007,0.015614,-0.000151,-0.000017,33.000000,1010.395902,-0.355008,-0.000961,0.000000,609.395225
30.900000,1013.696405,1013.694118,-0.343063,-0.001419,32.999983,-0.000250,-0.000000,0.000009,0.015614,-0.000154,-0.000017,33.000000,1013.696405,-0.358680,-0.001265,0.000000,612.695209
31.000000,1016.996906,1016.994113,-0.347746,-0.001725,32.999983,-0.000249,0.000000,0.000013,0.015595,-0.000157,-0.000017,33.000000,1016.996906,-0.363346,-0.001568,0.000000,615.995189
31.100000,1020.297571,1020.294106,-0.353437,-0.002029,32.999983,-0.000248,-0.000000,0.000011,0.015585,-0.000159,-0.000017,33.000000,1020.297571,-0.369029,-0.001870,0.000000,619.295166
31.200000,1023.598064,1023.594098,-0.360135,-0.002332,32.999983,-0.000247,0.000000,0.000014,0.015557,-0.000162,-0.000017,33.000000,1023.598064,-0.375700,-0.002171,0.000000,622.595140
31.300000,1026.898553,1026.894087,-0.367832,-0.002634,32.999983,-0.000245,0.000000,0.000017,0.015510,-0.000164,-0.000017,33.000000,1026.898553,-0.383353,-0.002470,0.000000,625.895110
31.400000,1030.199202,1030.194074,-0.376524,-0.002934,32.999983,-0.000244,0.000000,0.000017,0.015463,-0.000166,-0.000017,33.000000,1030.199202,-0.392002,-0.002768,0.000000,629.195075
31.500000,1033.499679,1033.494058,-0.386207,-0.003232,32.999983,-0.000242,0.000000,0.000019,0.015406,-0.000168,-0.000017,33.000000,1033.499679,-0.401631,-0.003064,0.000000,632.495037
31.600000,1036.800151,1036.794039,-0.396873,-0.003528,32.999983,-0.000240,0.000000,0.000022,0.015331,-0.000170,-0.000017,33.000000,1036.800151,-0.412225,-0.003358,0.000000,635.794995
31.700000,1040.100777,1040.094017,-0.408515,-0.003821,32.999983,-0.000238,0.000000,0.000024,0.015246,-0.000172,-0.000017,33.000000,1040.100777,-0.423787,-0.003649,0.000000,639.094948
31.800000,1043.401233,1043.393991,-0.421126,-0.004112,32.999983,-0.000236,0.000000,0.000023,0.015161,-0.000174,-0.000017,33.000000,1043.401233,-0.436315,-0.003938,0.000000,642.394896
31.900000,1046.701682,1046.693961,-0.434696,-0.004400,32.999983,-0.000233,0.000000,0.000026,0.015057,-0.000175,-0.000017,33.000000,1046.701682,-0.449786,-0.004225,0.000000,645.694839
32.000000,1050.002279,1049.993928,-0.449217,-0.004685,32.999983,-0.000231,0.000000,0.000029,0.014936,-0.000177,-0.000017,33.000000,1050.002279,-0.464191,-0.004509,0.000000,648.994777
32.100000,1053.302709,1053.293890,-0.464679,-0.004967,32.999983,-0.000228,0.000000,0.000027,0.014823,-0.000178,-0.000017,33.000000,1053.302709,-0.479544,-0.004789,0.000000,652.294710
32.200000,1056.603130,1056.593847,-0.481071,-0.005246,32.999983,-0.000225,0.000000,0.000030,0.014692,-0.000179,-0.000017,33.000000,1056.603130,-0.495810,-0.005066,0.000000,655.594638
32.300000,1059.903541,1059.893800,-0.498382,-0.005521,32.999983,-0.000222,0.000000,0.000033,0.014544,-0.000181,-0.000017,33.000000,1059.903541,-0.512978,-0.005340,0.000000,658.894560
32.400000,1063.204091,1063.193748,-0.516601,-0.005792,32.999983,-0.000219,0.000000,0.000033,0.014396,-0.000182,-0.000017,33.000000,1063.204091,-0.531055,-0.005611,0.000000,662.194477
32.500000,1066.504480,1066.493691,-0.535716,-0.006060,32.999983,-0.000216,0.000000,0.000034,0.014238,-0.000183,-0.000017,33.000000,1066.504480,-0.550018,-0.005877,0.000000,665.494389
32.600000,1069.804857,1069.793629,-0.555714,-0.006323,32.999983,-0.000212,0.000000,0.000037,0.014063,-0.000183,-0.000017,33.000000,1069.804857,-0.569846,-0.006140,0.000000,668.794295
32.700000,1073.105366,1073.093561,-0.576581,-0.006583,32.999983,-0.000208,0.000000,0.000038,0.013881,-0.000184,-0.000017,33.000000,1073.105366,-0.590537,-0.006399,0.000000,672.094195
32.800000,1076.405717,1076.393488,-0.598303,-0.006837,32.999983,-0.000205,0.000000,0.000038,0.013696,-0.000185,-0.000017,33.000000,1076.405717,-0.612081,-0.006653,0.000000,675.394089
32.900000,1079.706057,1079.693409,-0.620866,-0.007087,32.999983,-0.000201,0.000000,0.000040,0.013496,-0.000185,-0.000017,33.000000,1079.706057,-0.634450,-0.006902,0.000000,678.693978
33.000000,1083.006519,1082.993325,-0.644255,-0.007333,32.999983,-0.000197,0.000000,0.000043,0.013281,-0.000185,-0.000017,33.000000,1083.006519,-0.657630,-0.007148,0.000000,681.993861
33.100000,1086.306830,1086.293234,-0.668453,-0.007573,32.999983,-0.000192,0.000000,0.000042,0.013072,-0.000186,-0.000017,33.000000,1086.306830,-0.681626,-0.007388,0.000000,685.293738
33.200000,1089.607129,1089.593138,-0.693445,-0.007809,32.999983,-0.000188,0.000000,0.000044,0.012847,-0.000185,-0.000017,33.000000,1089.607129,-0.706399,-0.007623,0.000000,688.593609
33.300000,1092.907413,1092.893035,-0.719213,-0.008039,32.999983,-0.000184,0.000000,0.000046,0.012608,-0.000185,-0.000017,33.000000,1092.907413,-0.731934,-0.007853,0.000000,691.893475
33.400000,1096.207808,1096.192927,-0.745741,-0.008264,32.999983,-0.000179,0.000000,0.000046,0.012369,-0.000185,-0.000017,33.000000,1096.207808,-0.758230,-0.008078,0.000000,695.193336
33.500000,1099.508062,1099.492813,-0.773010,-0.008483,32.999983,-0.000175,0.000000,0.000047,0.012121,-0.000185,-0.000017,33.000000,1099.508062,-0.785258,-0.008298,0.000000,698.493191
33.600000,1102.808301,1102.792692,-0.801003,-0.008696,32.999983,-0.000170,0.000000,0.000049,0.011859,-0.000184,-0.000017,33.000000,1102.808301,-0.812995,-0.008512,0.000000,701.793040
33.700000,1106.108641,1106.092566,-0.829700,-0.008904,32.999983,-0.000165,0.000000,0.000051,0.011590,-0.000184,-0.000017,33.000000,1106.108641,-0.841431,-0.008720,0.000000,705.092884
33.800000,1109.408848,1109.392433,-0.859083,-0.009106,32.999983,-0.000160,0.000000,0.000050,0.011320,-0.000183,-0.000017,33.000000,1109.408848,-0.870550,-0.008922,0.000000,708.392723
33.900000,1112.709040,1112.692295,-0.889131,-0.009301,32.999983,-0.000155,0.000000,0.000052,0.011037,-0.000182,-0.000017,33.000000,1112.709040,-0.900321,-0.009119,0.000000,711.692557
34.000000,1116.009322,1115.992150,-0.919824,-0.009490,32.999983,-0.000150,0.000000,0.000054,0.010742,-0.000181,-0.000017,33.000000,1116.009322,-0.930726,-0.009309,0.000000,714.992385
34.100000,1119.309481,1119.292000,-0.951142,-0.009673,32.999983,-0.000144,0.000000,0.000053,0.010451,-0.000181,-0.000017,33.000000,1119.309481,-0.961760,-0.009493,0.000000,718.292209
34.200000,1122.609625,1122.591844,-0.983064,-0.009850,32.999983,-0.000139,0.000000,0.000055,0.010148,-0.000179,-0.000017,33.000000,1122.609625,-0.993384,-0.009670,0.000000,721.592029
34.300000,1125.909753,1125.891682,-1.015568,-0.010020,32.999983,-0.000133,0.000000,0.000057,0.009833,-0.000178,-0.000017,33.000000,1125.909753,-1.025579,-0.009842,0.000000,724.891844
34.400000,1129.209956,1129.191515,-1.048632,-0.010183,32.999983,-0.000128,0.000000,0.000057,0.009519,-0.000177,-0.000017,33.000000,1129.209956,-1.058335,-0.010006,0.000000,728.191654
34.500000,1132.510050,1132.491342,-1.082234,-0.010339,32.999983,-0.000122,0.000000,0.000057,0.009198,-0.000175,-0.000017,33.000000,1132.510050,-1.091622,-0.010164,0.000000,731.491461
34.600000,1135.810128,1135.791164,-1.116351,-0.010488,32.999983,-0.000116,0.000000,0.000059,0.008866,-0.000173,-0.000017,33.000000,1135.810128,-1.125414,-0.010315,0.000000,734.791264
34.700000,1139.110269,1139.090981,-1.150962,-0.010630,32.999983,-0.000111,0.000000,0.000059,0.008530,-0.000172,-0.000017,33.000000,1139.110269,-1.159694,-0.010459,0.000000,738.091063
34.800000,1142.410313,1142.390792,-1.186042,-0.010766,32.999983,-0.000105,0.000000,0.000059,0.008191,-0.000170,-0.000017,33.000000,1142.410313,-1.194441,-0.010596,0.000000,741.390859
34.900000,1145.710342,1145.690600,-1.221568,-0.010893,32.999983,-0.000099,0.000000,0.000061,0.007844,-0.000168,-0.000017,33.000000,1145.710342,-1.229624,-0.010726,0.000000,744.690652
35.000000,1149.010421,1148.990402,-1.257515,-0.011014,32.999983,-0.000093,0.000000,0.000062,0.007489,-0.000166,-0.000017,33.000000,1149.010421,-1.265222,-0.010848,0.000000,747.990441
35.100000,1152.310415,1152.290200,-1.293861,-0.011127,32.999983,-0.000086,0.000000,0.000061,0.007136,-0.000164,-0.000017,33.000000,1152.310415,-1.301219,-0.010964,0.000000,751.290228
35.200000,1155.610394,1155.589994,-1.330580,-0.011233,32.999983,-0.000080,0.000000,0.000062,0.006775,-0.000161,-0.000017,33.000000,1155.610394,-1.337581,-0.011072,0.000000,754.590013
35.300000,1158.910357,1158.889784,-1.367648,-0.011331,32.999983,-0.000074,0.000000,0.000063,0.006406,-0.000159,-0.000017,33.000000,1158.910357,-1.374284,-0.011172,0.000000,757.889796
35.400000,1162.210356,1162.189571,-1.405039,-0.011422,32.999983,-0.000068,0.000000,0.000063,0.006037,-0.000156,-0.000017,33.000000,1162.210356,-1.411311,-0.011265,0.000000,761.189577
35.500000,1165.510286,1165.489354,-1.442729,-0.011504,32.999983,-0.000061,0.000000,0.000063,0.005664,-0.000154,-0.000017,33.000000,1165.510286,-1.448632,-0.011351,0.000000,764.489356
35.600000,1168.810202,1168.789134,-1.480693,-0.011580,32.999983,-0.000055,0.000000,0.000064,0.005285,-0.000151,-0.000017,33.000000,1168.810202,-1.486219,-0.011429,0.000000,767.789134
35.700000,1172.110140,1172.088911,-1.518905,-0.011647,32.999983,-0.000049,0.000000,0.000064,0.004903,-0.000148,-0.000017,33.000000,1172.110140,-1.524053,-0.011499,0.000000,771.088911
35.800000,1175.410022,1175.388685,-1.557339,-0.011707,32.999983,-0.000042,0.000000,0.000065,0.004520,-0.000145,-0.000017,33.000000,1175.410022,-1.562106,-0.011561,0.000000,774.388687
35.900000,1178.709891,1178.688457,-1.595970,-0.011758,32.999983,-0.000036,0.000000,0.000065,0.004131,-0.000142,-0.000017,33.000000,1178.709891,-1.600351,-0.011616,0.000000,777.688463
36.000000,1182.009770,1181.988227,-1.634771,-0.011802,32.999983,-0.000029,0.000000,0.000065,0.003739,-0.000139,-0.000017,33.000000,1182.009770,-1.638762,-0.011663,0.000000,780.988239
36.100000,1185.309607,1185.287996,-1.673717,-0.011838,32.999983,-0.000023,0.000000,0.000065,0.003348,-0.000136,-0.000017,33.000000,1185.309607,-1.677318,-0.011702,0.000000,784.288015
36.200000,1188.609431,1188.587763,-1.712781,-0.011866,32.999983,-0.000016,0.000000,0.000065,0.002952,-0.000133,-0.000017,33.000000,1188.609431,-1.715988,-0.011733,0.000000,787.587792
36.300000,1191.909242,1191.887529,-1.751937,-0.011886,32.999983,-0.000010,0.000000,0.000065,0.002555,-0.000129,-0.000017,33.000000,1191.909242,-1.754747,-0.011757,0.000000,790.887569
36.400000,1195.209047,1195.187294,-1.791159,-0.011898,32.999983,-0.000003,0.000000,0.000065,0.002156,-0.000126,-0.000017,33.000000,1195.209047,-1.793572,-0.011772,0.000000,794.187347
36.500000,1198.508828,1198.487059,-1.830421,-0.011902,32.999983,0.000003,0.000000,0.000065,0.001756,-0.000122,-0.000017,33.000000,1198.508828,-1.832433,-0.011779,0.000000,797.487127
36.600000,1201.808598,1201.786823,-1.869696,-0.011898,32.999983,0.000010,0.000000,0.000065,0.001354,-0.000119,-0.000017,33.000000,1201.808598,-1.871306,-0.011779,0.000000,800.786909
36.700000,1205.108348,1205.086588,-1.908957,-0.011886,32.999983,0.000016,0.000000,0.000065,0.000952,-0.000115,-0.000017,33.000000,1205.108348,-1.910165,-0.011771,0.000000,804.086692
36.800000,1208.408090,1208.386353,-1.948179,-0.011866,32.999983,0.000023,0.000000,0.000065,0.000548,-0.000111,-0.000017,33.000000,1208.408090,-1.948983,-0.011755,0.000000,807.386478
36.900000,1211.707821,1211.686119,-1.987335,-0.011838,32.999983,0.000029,0.000000,0.000065,0.000145,-0.000107,-0.000017,33.000000,1211.707821,-1.987734,-0.011730,0.000000,810.686266
37.000000,1215.007520,1214.985886,-2.026398,-0.011802,32.999983,0.000036,0.000000,0.000064,-0.000257,-0.000103,-0.000017,33.000000,1215.007520,-2.026394,-0.011699,0.000000,813.986056
37.100000,1218.307225,1218.285655,-2.065344,-0.011758,32.999983,0.000042,0.000000,0.000065,-0.000662,-0.000099,-0.000017,33.000000,1218.307225,-2.064933,-0.011659,0.000000,817.285850
37.200000,1221.606919,1221.585425,-2.104144,-0.011706,32.999983,0.000049,-0.000000,0.000064,-0.001065,-0.000095,-0.000017,33.000000,1221.606919,-2.103329,-0.011611,0.000000,820.585647
37.300000,1224.906604,1224.885197,-2.142774,-0.011647,32.999983,0.000055,-0.000000,0.000063,-0.001466,-0.000091,-0.000017,33.000000,1224.906604,-2.141555,-0.011556,0.000000,823.885448
37.400000,1228.206241,1228.184972,-2.181208,-0.011579,32.999983,0.000061,-0.000000,0.000063,-0.001868,-0.000087,-0.000017,33.000000,1228.206241,-2.179584,-0.011492,0.000000,827.185252
37.500000,1231.505903,1231.484749,-2.219419,-0.011504,32.999983,0.000068,-0.000000,0.000063,-0.002269,-0.000083,-0.000017,33.000000,1231.505903,-2.217391,-0.011421,0.000000,830.485060
37.600000,1234.805556,1234.784529,-2.257381,-0.011421,32.999983,0.000074,-0.000000,0.000062,-0.002666,-0.000078,-0.000017,33.000000,1234.805556,-2.254954,-0.011343,0.000000,833.784872
37.700000,1238.105149,1238.084312,-2.295071,-0.011331,32.999983,0.000080,-0.000000,0.000061,-0.003062,-0.000074,-0.000017,33.000000,1238.105149,-2.292243,-0.011257,0.000000,837.084689
37.800000,1241.404781,1241.384098,-2.332461,-0.011232,32.999983,0.000086,-0.000000,0.000062,-0.003459,-0.000070,-0.000017,33.000000,1241.404781,-2.329233,-0.011163,0.000000,840.384510
37.900000,1244.704405,1244.683888,-2.369528,-0.011127,32.999983,0.000093,-0.000000,0.000061,-0.003851,-0.000065,-0.000017,33.000000,1244.704405,-2.365904,-0.011062,0.000000,843.684336
38.000000,1248.003959,1247.983682,-2.406245,-0.011014,32.999983,0.000099,-0.000000,0.000059,-0.004237,-0.000061,-0.000017,33.000000,1248.003959,-2.402230,-0.010953,0.000000,846.984167
38.100000,1251.303564,1251.283480,-2.442589,-0.010893,32.999983,0.000105,-0.000000,0.000060,-0.004627,-0.000056,-0.000017,33.000000,1251.303564,-2.438179,-0.010837,0.000000,850.284002
38.200000,1254.603163,1254.583283,-2.478535,-0.010765,32.999983,0.000111,-0.000000,0.000059,-0.005012,-0.000052,-0.000017,33.000000,1254.603163,-2.473736,-0.010714,0.000000,853.583843
38.300000,1257.902755,1257.883090,-2.514060,-0.010630,32.999983,0.000116,-0.000000,0.000057,-0.005389,-0.000047,-0.000017,33.000000,1257.902755,-2.508878,-0.010583,0.000000,856.883689
38.400000,1261.202261,1261.182902,-2.549138,-0.010488,32.999983,0.000122,-0.000000,0.000057,-0.005768,-0.000042,-0.000017,33.000000,1261.202261,-2.543572,-0.010445,0.000000,860.183541
38.500000,1264.501837,1264.482719,-2.583746,-0.010338,32.999983,0.000128,-0.000000,0.000057,-0.006143,-0.000038,-0.000017,33.000000,1264.501837,-2.577800,-0.010301,0.000000,863.483398
38.600000,1267.801408,1267.782541,-2.617862,-0.010182,32.999983,0.000134,-0.000000,0.000055,-0.006510,-0.000033,-0.000017,33.000000,1267.801408,-2.611544,-0.010149,0.000000,866.783261
38.700000,1271.100882,1271.082368,-2.651463,-0.010019,32.999983,0.000139,-0.000000,0.000053,-0.006873,-0.000028,-0.000017,33.000000,1271.100882,-2.644774,-0.009991,0.000000,870.083129
38.800000,1274.400439,1274.382200,-2.684525,-0.009849,32.999983,0.000144,-0.000000,0.000054,-0.007236,-0.000023,-0.000017,33.000000,1274.400439,-2.677467,-0.009826,0.000000,873.383003
38.900000,1277.699991,1277.682039,-2.717026,-0.009673,32.999983,0.000150,-0.000000,0.000052,-0.007591,-0.000019,-0.000017,33.000000,1277.699991,-2.709608,-0.009654,0.000000,876.682882
39.000000,1280.999538,1280.981883,-2.748946,-0.009490,32.999983,0.000155,-0.000000,0.000050,-0.007935,-0.000014,-0.000017,33.000000,1280.999538,-2.741177,-0.009476,0.000000,879.982768
39.100000,1284.298976,1284.281732,-2.780261,-0.009300,32.999983,0.000160,-0.000000,0.000051,-0.008286,-0.000009,-0.000017,33.000000,1284.298976,-2.772135,-0.009291,0.000000,883.282659
39.200000,1287.598513,1287.581588,-2.810952,-0.009105,32.999983,0.000165,-0.000000,0.000050,-0.008626,-0.000004,-0.000017,33.000000,1287.598513,-2.802480,-0.009101,0.000000,886.582556
39.300000,1290.898045,1290.881449,-2.840998,-0.008903,32.999983,0.000170,-0.000000,0.000047,-0.008955,0.000001,-0.000017,33.000000,1290.898045,-2.832190,-0.008904,0.000000,889.882459
39.400000,1294.197459,1294.181317,-2.870378,-0.008696,32.999983,0.000175,-0.000000,0.000047,-0.009285,0.000005,-0.000017,33.000000,1294.197459,-2.861233,-0.008701,0.000000,893.182367
39.500000,1297.496982,1297.481190,-2.899073,-0.008482,32.999983,0.000179,-0.000000,0.000046,-0.009609,0.000010,-0.000017,33.000000,1297.496982,-2.889597,-0.008492,0.000000,896.482281
39.600000,1300.796502,1300.781070,-2.927063,-0.008263,32.999983,0.000184,-0.000000,0.000044,-0.009922,0.000015,-0.000017,33.000000,1300.796502,-2.917269,-0.008278,0.000000,899.782200
39.700000,1304.095894,1304.080956,-2.954331,-0.008038,32.999983,0.000188,-0.000000,0.000042,-0.010228,0.000020,-0.000017,33.000000,1304.095894,-2.944223,-0.008058,0.000000,903.082125
39.800000,1307.395406,1307.380847,-2.980856,-0.007808,32.999983,0.000193,-0.000000,0.000043,-0.010534,0.000025,-0.000017,33.000000,1307.395406,-2.970435,-0.007832,0.000000,906.382056
39.900000,1310.694916,1310.680745,-3.006621,-0.007573,32.999983,0.000197,-0.000000,0.000040,-0.010827,0.000029,-0.000017,33.000000,1310.694916,-2.995901,-0.007602,0.000000,909.681991
40.000000,1313.994424,1313.980649,-3.031610,-0.007332,32.999983,0.000201,-0.000000,0.000037,-0.011107,0.000034,-0.000017,33.000000,1313.994424,-3.020604,-0.007366,0.000000,912.981932
40.100000,1317.293793,1317.280558,-3.055806,-0.007087,32.999983,0.000205,-0.000000,0.000039,-0.011394,0.000039,-0.000017,33.000000,1317.293793,-3.044506,-0.007125,0.000000,916.281878
40.200000,1320.593295,1320.580474,-3.079191,-0.006837,32.999983,0.000208,-0.000000,0.000037,-0.011668,0.000043,-0.000017,33.000000,1320.593295,-3.067612,-0.006880,0.000000,919.581828
40.300000,1323.892795,1323.880395,-3.101752,-0.006582,32.999983,0.000212,-0.000000,0.000034,-0.011927,0.000048,-0.000017,33.000000,1323.892795,-3.089907,-0.006630,0.000000,922.881783
40.400000,1327.192149,1327.180322,-3.123472,-0.006322,32.999983,0.000216,-0.000000,0.000033,-0.012186,0.000053,-0.000017,33.000000,1327.192149,-3.111361,-0.006375,0.000000,926.181743
40.500000,1330.491644,1330.480254,-3.144336,-0.006059,32.999983,0.000219,-0.000000,0.000033,-0.012438,0.000057,-0.000017,33.000000,1330.491644,-3.131967,-0.006117,0.000000,929.481707
40.600000,1333.791138,1333.780192,-3.164331,-0.005792,32.999983,0.000222,-0.000000,0.000030,-0.012675,0.000062,-0.000017,33.000000,1333.791138,-3.151720,-0.005854,0.000000,932.781675
40.700000,1337.090480,1337.080135,-3.183443,-0.005520,32.999983,0.000225,-0.000000,0.000028,-0.012903,0.000067,-0.000017,33.000000,1337.090480,-3.170597,-0.005587,0.000000,936.081647
40.800000,1340.389970,1340.380083,-3.201659,-0.005245,32.999983,0.000228,-0.000000,0.000029,-0.013132,0.000071,-0.000017,33.000000,1340.389970,-3.188579,-0.005316,0.000000,939.381622
40.900000,1343.689460,1343.680036,-3.218967,-0.004966,32.999983,0.000231,-0.000000,0.000026,-0.013345,0.000075,-0.000017,33.000000,1343.689460,-3.205670,-0.005042,0.000000,942.681601
41.000000,1346.988949,1346.979993,-3.235357,-0.004684,32.999983,0.000233,-0.000000,0.000022,-0.013541,0.000080,-0.000017,33.000000,1346.988949,-3.221858,-0.004764,0.000000,945.981583
41.100000,1350.288278,1350.279955,-3.250815,-0.004399,32.999983,0.000236,-0.000000,0.000024,-0.013746,0.000084,-0.000017,33.000000,1350.288278,-3.237107,-0.004484,0.000000,949.281568
41.200000,1353.587764,1353.579922,-3.265333,-0.004111,32.999983,0.000238,-0.000000,0.000022,-0.013934,0.000088,-0.000017,33.000000,1353.587764,-3.251432,-0.004200,0.000000,952.581556
41.300000,1356.887250,1356.879892,-3.278900,-0.003821,32.999983,0.000240,-0.000000,0.000018,-0.014106,0.000093,-0.000017,33.000000,1356.887250,-3.264823,-0.003913,0.000000,955.881545
41.400000,1360.186571,1360.179866,-3.291508,-0.003527,32.999983,0.000242,-0.000000,0.000018,-0.014277,0.000097,-0.000017,33.000000,1360.186571,-3.277256,-0.003624,0.000000,959.181537
41.500000,1363.486055,1363.479844,-3.303147,-0.003231,32.999983,0.000244,-0.000000,0.000017,-0.014439,0.000101,-0.000017,33.000000,1363.486055,-3.288728,-0.003332,0.000000,962.481531
41.600000,1366.785538,1366.779825,-3.313810,-0.002933,32.999983,0.000245,-0.000000,0.000014,-0.014585,0.000105,-0.000017,33.000000,1366.785538,-3.299243,-0.003038,0.000000,965.781526
41.700000,1370.084853,1370.079809,-3.323491,-0.002633,32.999983,0.000247,-0.000000,0.000012,-0.014720,0.000109,-0.000017,33.000000,1370.084853,-3.308784,-0.002743,0.000000,969.081523
41.800000,1373.384335,1373.379796,-3.332181,-0.002332,32.999983,0.000248,-0.000000,0.000013,-0.014856,0.000113,-0.000017,33.000000,1373.384335,-3.317335,-0.002445,0.000000,972.381520
41.900000,1376.683817,1376.679785,-3.339875,-0.002029,32.999983,0.000249,-0.000000,0.000010,-0.014974,0.000117,-0.000017,33.000000,1376.683817,-3.324909,-0.002145,0.000000,975.681518
42.000000,1379.983299,1379.979777,-3.346569,-0.001724,32.999983,0.000250,-0.000000,0.000006,-0.015074,0.000121,-0.000017,33.000000,1379.983299,-3.331501,-0.001844,0.000000,978.981516
42.100000,1383.282610,1383.279770,-3.352258,-0.001418,32.999983,0.000251,-0.000000,0.000008,-0.015182,0.000124,-0.000017,33.000000,1383.282610,-3.337080,-0.001542,0.000000,982.281515
42.200000,1386.582091,1386.579765,-3.356937,-0.001111,32.999983,0.000252,-0.000000,0.000005,-0.015273,0.000128,-0.000017,33.000000,1386.582091,-3.341667,-0.001239,0.000000,985.581513
42.300000,1389.881571,1389.879761,-3.360605,-0.000804,32.999983,0.000252,-0.000000,0.000001,-0.015345,0.000131,-0.000017,33.000000,1389.881571,-3.345261,-0.000935,0.000000,988.881510
42.400000,1393.180880,1393.179759,-3.363258,-0.000496,32.999983,0.000252,-0.000000,0.000001,-0.015416,0.000135,-0.000017,33.000000,1393.180880,-3.347842,-0.000631,0.000000,992.181506
42.500000,1396.480360,1396.479756,-3.364894,-0.000187,32.999983,0.000252,-0.000000,0.000000,-0.015479,0.000138,-0.000017,33.000000,1396.480360,-3.349415,-0.000326,0.000000,995.481501
42.600000,1399.779841,1399.779755,-3.365513,0.000121,32.999983,0.000252,-0.000000,-0.000003,-0.015523,0.000141,-0.000017,33.000000,1399.779841,-3.349990,-0.000020,0.000000,998.781495
42.700000,1403.079149,1403.079753,-3.365114,0.000429,32.999983,0.000252,-0.000000,-0.000005,-0.015556,0.000145,-0.000017,33.000000,1403.079149,-3.349558,0.000285,0.000000,1002.081487
42.800000,1406.378629,1406.379751,-3.363697,0.000738,32.999983,0.000252,-0.000000,-0.000004,-0.015590,0.000148,-0.000017,33.000000,1406.378629,-3.348107,0.000590,0.000000,1005.381477
42.900000,1409.678110,1409.679748,-3.361263,0.001045,32.999983,0.000251,-0.000000,-0.000007,-0.015605,0.000150,-0.000017,33.000000,1409.678110,-3.345659,0.000895,0.000000,1008.681464
43.000000,1412.977590,1412.979745,-3.357814,0.001352,32.999983,0.000250,-0.000000,-0.000011,-0.015602,0.000153,-0.000017,33.000000,1412.977590,-3.342214,0.001199,0.000000,1011.981448
43.100000,1416.276900,1416.279740,-3.353352,0.001658,32.999983,0.000249,-0.000000,-0.000009,-0.015606,0.000156,-0.000017,33.000000,1416.276900,-3.337750,0.001502,0.000000,1015.281430
43.200000,1419.576381,1419.579734,-3.347880,0.001963,32.999983,0.000248,-0.000000,-0.000012,-0.015593,0.000159,-0.000017,33.000000,1419.576381,-3.332294,0.001804,0.000000,1018.581408
43.300000,1422.875862,1422.879726,-3.341403,0.002266,32.999983,0.000247,0.000000,-0.000015,-0.015561,0.000161,-0.000017,33.000000,1422.875862,-3.325850,0.002105,0.000000,1021.881383
43.400000,1426.175174,1426.179715,-3.333924,0.002569,32.999983,0.000246,0.000000,-0.000016,-0.015527,0.000164,-0.000017,33.000000,1426.175174,-3.318408,0.002405,0.000000,1025.181354
43.500000,1429.474656,1429.479703,-3.325448,0.002869,32.999983,0.000244,0.000000,-0.000016,-0.015485,0.000166,-0.000017,33.000000,1429.474656,-3.309976,0.002703,0.000000,1028.481321
43.600000,1432.774139,1432.779688,-3.315981,0.003167,32.999983,0.000242,0.000000,-0.000020,-0.015425,0.000168,-0.000017,33.000000,1432.774139,-3.300572,0.002999,0.000000,1031.781284
43.700000,1436.073456,1436.079669,-3.305529,0.003464,32.999983,0.000241,0.000000,-0.000022,-0.015353,0.000170,-0.000017,33.000000,1436.073456,-3.290196,0.003293,0.000000,1035.081243
43.800000,1439.372939,1439.379648,-3.294099,0.003758,32.999983,0.000238,0.000000,-0.000021,-0.015283,0.000172,-0.000017,33.000000,1439.372939,-3.278840,0.003585,0.000000,1038.381196
43.900000,1442.672424,1442.679623,-3.281699,0.004049,32.999983,0.000236,0.000000,-0.000024,-0.015194,0.000174,-0.000017,33.000000,1442.672424,-3.266533,0.003875,0.000000,1041.681145
44.000000,1445.971908,1445.979594,-3.268338,0.004338,32.999983,0.000234,0.000000,-0.000027,-0.015088,0.000176,-0.000017,33.000000,1445.971908,-3.253282,0.004162,0.000000,1044.981089
44.100000,1449.271233,1449.279561,-3.254024,0.004623,32.999983,0.000231,0.000000,-0.000026,-0.014987,0.000178,-0.000017,33.000000,1449.271233,-3.239074,0.004446,0.000000,1048.281027
44.200000,1452.570720,1452.579524,-3.238766,0.004906,32.999983,0.000229,0.000000,-0.000028,-0.014870,0.000179,-0.000017,33.000000,1452.570720,-3.223937,0.004727,0.000000,1051.580960
44.300000,1455.870208,1455.879483,-3.222577,0.005185,32.999983,0.000226,0.000000,-0.000031,-0.014737,0.000180,-0.000017,33.000000,1455.870208,-3.207886,0.005005,0.000000,1054.880888
44.400000,1459.169541,1459.179437,-3.205465,0.005461,32.999983,0.000223,0.000000,-0.000032,-0.014600,0.000182,-0.000017,33.000000,1459.169541,-3.190917,0.005280,0.000000,1058.180810
44.500000,1462.469032,1462.479386,-3.187443,0.005734,32.999983,0.000220,0.000000,-0.000032,-0.014456,0.000183,-0.000017,33.000000,1462.469032,-3.173044,0.005551,0.000000,1061.480726
44.600000,1465.768523,1465.779330,-3.168522,0.006002,32.999983,0.000216,0.000000,-0.000035,-0.014295,0.000184,-0.000017,33.000000,1465.768523,-3.154289,0.005818,0.000000,1064.780636
44.700000,1469.067868,1469.079269,-3.148716,0.006266,32.999983,0.000213,0.000000,-0.000037,-0.014124,0.000185,-0.000017,33.000000,1469.067868,-3.134661,0.006082,0.000000,1068.080540
44.800000,1472.367364,1472.379202,-3.128037,0.006526,32.999983,0.000209,0.000000,-0.000036,-0.013953,0.000185,-0.000017,33.000000,1472.367364,-3.114159,0.006341,0.000000,1071.380438
44.900000,1475.666861,1475.679130,-3.106500,0.006782,32.999983,0.000206,0.000000,-0.000038,-0.013766,0.000186,-0.000017,33.000000,1475.666861,-3.092814,0.006596,0.000000,1074.680330
45.000000,1478.966359,1478.979053,-3.084119,0.007033,32.999983,0.000202,-0.000000,-0.000041,-0.013564,0.000186,-0.000017,33.000000,1478.966359,-3.070642,0.006847,0.000000,1077.980216
45.100000,1482.265721,1482.278969,-3.060909,0.007280,32.999983,0.000198,-0.000000,-0.000041,-0.013365,0.000187,-0.000017,33.000000,1482.265721,-3.047638,0.007093,0.000000,1081.280095
45.200000,1485.565224,1485.578880,-3.036886,0.007521,32.999983,0.000194,-0.000000,-0.000042,-0.013153,0.000187,-0.000017,33.000000,1485.565224,-3.023832,0.007334,0.000000,1084.579968
45.300000,1488.864730,1488.878785,-3.012065,0.007758,32.999983,0.000189,-0.000000,-0.000045,-0.012926,0.000187,-0.000017,33.000000,1488.864730,-2.999245,0.007571,0.000000,1087.879835
45.400000,1492.164108,1492.178684,-2.986465,0.007989,32.999983,0.000185,0.000000,-0.000045,-0.012696,0.000187,-0.000017,33.000000,1492.164108,-2.973882,0.007802,0.000000,1091.179696
45.500000,1495.463621,1495.478577,-2.960100,0.008215,32.999983,0.000180,0.000000,-0.000046,-0.012459,0.000187,-0.000017,33.000000,1495.463621,-2.947761,0.008028,0.000000,1094.479550
45.600000,1498.763136,1498.778464,-2.932990,0.008436,32.999983,0.000176,0.000000,-0.000048,-0.012209,0.000187,-0.000017,33.000000,1498.763136,-2.920908,0.008249,0.000000,1097.779398
45.700000,1500.000000,1502.078345,-2.905153,0.008650,32.999983,0.000171,0.000000,-0.000698,-0.011737,0.000353,-0.000017,33.000000,1500.000000,-2.910660,0.008297,0.000000,1101.079241
