t,veh_id,x,y,psi,v,ax,lane_id
0.0,0,2.77,-1.8173694471446022,0.011777454576213377,27.7,-3.0,0
0.0,1,62.5,-1.1429103469016242,0.010389329368307422,25.0,0.0,0
0.1,0,5.51,-1.785107600624208,0.011769187534893435,27.4,-3.0,0
0.1,1,65.0,-1.1170681377545677,0.010278383778845202,25.0,0.0,0
0.2,0,8.219999999999999,-1.7532281867934185,0.011755705030870766,27.099999999999998,-3.0,0
0.2,1,67.5,-1.0915197883296923,0.01016331721911181,25.0,0.0,0
0.30000000000000004,0,10.899999999999999,-1.7217445418136268,0.011737136363196609,26.799999999999997,-3.0,0
0.30000000000000004,1,70.0,-1.066252152926077,0.010044489201148556,25.0,0.0,0
0.4,0,13.549999999999999,-1.690670185688229,0.011713576922744353,26.499999999999996,-3.0,0
0.4,1,72.5,-1.0412987512684135,0.009921633938553023,25.0,0.0,0
0.5,0,16.169999999999998,-1.6600141828881705,0.011685391204882108,26.199999999999996,-3.0,0
0.5,1,75.0,-1.0166446504705968,0.009795106617535623,25.0,0.0,0
0.6000000000000001,0,18.759999999999998,-1.629788981859978,0.011652612595771803,25.899999999999995,-3.0,0
0.6000000000000001,1,77.5,-0.9923246729168433,0.009664651987718324,25.0,0.0,0
0.7000000000000001,0,21.319999999999997,-1.6000034483656433,0.011615478044843168,25.599999999999994,-3.0,0
0.7000000000000001,1,80.0,-0.9683221215612905,0.009530620362099935,25.0,0.0,0
0.8,0,23.849999999999994,-1.5706651554697328,0.011574210302345725,25.299999999999994,-3.0,0
0.8,1,82.5,-0.9446730677540874,0.009392767420320101,25.0,0.0,0
0.9,0,26.349999999999994,-1.541784713121215,0.011528875950640678,24.999999999999993,-3.0,0
0.9,1,85.0,-0.9213590760352492,0.009251438062238344,25.0,0.0,0
1.0,0,28.819999999999993,-1.5133657665739362,0.011479784447137894,24.699999999999992,-3.0,0
1.0,1,87.5,-0.8984174111014498,0.009106399274696194,25.0,0.0,0
1.1,0,31.25999999999999,-1.485417626481034,0.0114270039420995,24.39999999999999,-3.0,0
1.1,1,90.0,-0.8758279275047247,0.008957990012769895,25.0,0.0,0
1.2000000000000002,0,33.66999999999999,-1.457944345083967,0.011370758766646581,24.09999999999999,-3.0,0
1.2000000000000002,1,92.5,-0.8536290258288116,0.008805988930289783,25.0,0.0,0
1.3,0,36.04999999999998,-1.4309483324395138,0.011311286576084191,23.79999999999999,-3.0,0
1.3,1,95.0,-0.8317988817005877,0.008650728515004466,25.0,0.0,0
1.4000000000000001,0,38.399999999999984,-1.4044409313242292,0.011248559537155093,23.49999999999999,-3.0,0
1.4000000000000001,1,97.5,-0.8103769723799364,0.008491999429561706,25.0,0.0,0
1.5,0,40.719999999999985,-1.3784177378064093,0.011182954184749941,23.19999999999999,-3.0,0
1.5,1,100.0,-0.7893398282201787,0.00833012718174325,25.0,0.0,0
1.6,0,43.009999999999984,-1.352882166829403,0.011114608832568153,22.899999999999988,-3.0,0
1.6,1,102.5,-0.7687279422862713,0.008164914766349533,25.0,0.0,0
1.7000000000000002,0,45.26999999999998,-1.3278445107695462,0.011043504964605535,22.599999999999987,-3.0,0
1.7000000000000002,1,105.0,-0.7485162358464716,0.007996680209250233,25.0,0.0,0
1.8,0,47.49999999999998,-1.3032984656207605,0.010969980047689945,22.299999999999986,-3.0,0
1.8,1,107.5,-0.7287461553334388,0.007825239141735467,25.0,0.0,0
1.9000000000000001,0,49.699999999999974,-1.2792453889652788,0.010894178115336963,21.999999999999986,-3.0,0
1.9000000000000001,1,110.0,-0.7093910515999535,0.007650901617286797,25.0,0.0,0
2.0,0,51.869999999999976,-1.2556861036029148,0.010816242659250663,21.699999999999985,-3.0,0
2.0,1,112.5,-0.6904932605389822,0.007473496188543537,25.0,0.0,0
2.1,0,54.00999999999998,-1.2326212814083524,0.010736309900559139,21.399999999999984,-3.0,0
2.1,1,115.0,-0.6720246036788824,0.007293324458350019,25.0,0.0,0
2.2,0,56.119999999999976,-1.21005427046043,0.010654462898585602,21.099999999999984,-3.0,0
2.2,1,117.5,-0.6540282410940496,0.007110228165631725,25.0,0.0,0
2.3000000000000003,0,58.199999999999974,-1.187979409971566,0.010570929204634677,20.799999999999983,-3.0,0
2.3000000000000003,1,120.0,-0.6364745084375789,0.006924499997312764,25.0,0.0,0
2.4000000000000004,0,60.24999999999997,-1.166395297342212,0.01048584868404152,20.499999999999982,-3.0,0
2.4000000000000004,1,122.5,-0.6194073234155876,0.006735995123201086,25.0,0.0,0
2.5,0,62.26999999999997,-1.1453000154870818,0.010399360108241587,20.19999999999998,-3.0,0
2.5,1,125.0,-0.6027955815461823,0.006544996862704751,25.0,0.0,0
2.6,0,64.25999999999996,-1.1246911375632842,0.010311601053098942,19.89999999999998,-3.0,0
2.6,1,127.5,-0.5866838904492824,0.0063513740403862385,25.0,0.0,0
2.7,0,66.21999999999996,-1.1045657319967708,0.010222707798215037,19.59999999999998,-3.0,0
2.7,1,130.0,-0.5710397534688618,0.006155400170928884,25.0,0.0,0
2.8000000000000003,0,68.14999999999995,-1.0849203678041415,0.010132815227265462,19.29999999999998,-3.0,0
2.8000000000000003,1,132.5,-0.555908399356926,0.005956957936442953,25.0,0.0,0
2.9000000000000004,0,70.04999999999994,-1.0657511202067094,0.010042056729415962,18.99999999999998,-3.0,0
2.9000000000000004,1,135.0,-0.5412559893908044,0.005756310624745889,25.0,0.0,0
3.0,0,71.91999999999994,-1.0470575428120825,0.009950515017073558,18.699999999999978,-3.0,0
3.0,1,137.5,-0.5271283037151313,0.005553354956890721,25.0,0.0,0
3.1,0,73.75999999999995,-1.0288350342834078,0.009858321684354333,18.399999999999977,-3.0,0
3.1,1,140.0,-0.5134902137174486,0.005348343587410497,25.0,0.0,0
3.2,0,75.56999999999995,-1.0110759116387855,0.009765636665718372,18.099999999999977,-3.0,0
3.2,1,142.5,-0.5003879803453543,0.005141187436012377,25.0,0.0,0
3.3000000000000003,0,77.34999999999995,-0.993774438211372,0.00967258706461842,17.799999999999976,-3.0,0
3.3000000000000003,1,145.0,-0.4877852392623785,0.00493212813388131,25.0,0.0,0
3.4000000000000004,0,79.09999999999995,-0.9769244133243584,0.009579298040379365,17.499999999999975,-3.0,0
3.4000000000000004,1,147.5,-0.4757286608880542,0.004721090937152168,25.0,0.0,0
3.5,0,80.81999999999995,-0.9605290745115257,0.009485787498807862,17.199999999999974,-3.0,0
3.5,1,150.0,-0.4641807012330701,0.004508306080563829,25.0,0.0,0
3.6,0,82.50999999999995,-0.9445791358689462,0.009392209021290872,16.899999999999974,-3.0,0
3.6,1,152.5,-0.453188368226491,0.00429371327229594,25.0,0.0,0
3.7,0,84.16999999999994,-0.9290617611280373,0.009298741265001723,16.599999999999973,-3.0,0
3.7,1,155.0,-0.4427129961162739,0.004077530995089444,25.0,0.0,0
3.8000000000000003,0,85.79999999999994,-0.9139806276042043,0.009205388053456076,16.299999999999972,-3.0,0
3.8000000000000003,1,157.5,-0.4328018578581959,0.0038597135024480856,25.0,0.0,0
3.9000000000000004,0,87.39999999999993,-0.8993280902463472,0.00911226859758888,15.999999999999972,-3.0,0
3.9000000000000004,1,160.0,-0.4234152255572696,0.003640467187665018,25.0,0.0,0
4.0,0,88.96999999999993,-0.8850876372736614,0.009019577078857689,15.69999999999997,-3.0,0
4.0,1,162.5,-0.4146005643045131,0.0034197609203594683,25.0,0.0,0
4.1000000000000005,0,90.50999999999992,-0.8712745537297936,0.00892720535353555,15.39999999999997,-3.0,0
4.1000000000000005,1,165.0,-0.4063171453195289,0.003197788685558334,25.0,0.0,0
4.2,0,92.01999999999991,-0.8578560749670949,0.008835487853061564,15.09999999999997,-3.0,0
4.2,1,167.5,-0.39861255264084594,0.0029745340171878874,25.0,0.0,0
4.3,0,93.49999999999991,-0.8448535396892212,0.008744262171926647,14.799999999999969,-3.0,0
4.3,1,170.0,-0.3914451194034849,0.002750178192319821,25.0,0.0,0
4.4,0,94.94999999999992,-0.8322329991023261,0.00865385526216012,14.499999999999968,-3.0,0
4.4,1,172.5,-0.3848624752223463,0.0025247194347033314,25.0,0.0,0
4.5,0,96.36999999999992,-0.8200135465672774,0.008564128514737479,14.199999999999967,-3.0,0
4.5,1,175.0,-0.37882207939515444,0.0022983260333657132,25.0,0.0,0
4.6000000000000005,0,97.75999999999992,-0.808168965400365,0.008475327132126786,13.899999999999967,-3.0,0
4.6000000000000005,1,177.5,-0.3733715336717678,0.00207101090467641,25.0,0.0,0
4.7,0,99.11999999999992,-0.7966992973688927,0.008387471521488174,13.599999999999966,-3.0,0
4.7,1,180.0,-0.36846748910729366,0.0018429290895701795,25.0,0.0,0
4.800000000000001,0,100.44999999999992,-0.7856059052465854,0.00830057212158856,13.299999999999965,-3.0,0
4.800000000000001,1,182.5,-0.364157446188101,0.0016141081771104558,25.0,0.0,0
4.9,0,101.74999999999991,-0.7748684704194613,0.008214808457596288,12.999999999999964,-3.0,0
4.9,1,185.0,-0.3603973145676109,0.001384689720540094,25.0,0.0,0
5.0,0,103.01999999999991,-0.7644833657703377,0.008130224109635676,12.699999999999964,-3.0,0
5.0,1,187.5,-0.3572344202263954,0.0011547159389994734,25.0,0.0,0
5.1000000000000005,0,104.2599999999999,-0.7544590448823165,0.008046772771626205,12.399999999999963,-3.0,0
5.1000000000000005,1,190.0,-0.3546239994003084,0.0009243146792647074,25.0,0.0,0
5.2,0,105.4699999999999,-0.7447736830387109,0.007964632799799183,12.099999999999962,-3.0,0
5.2,1,192.5,-0.35261313059089294,0.0006935427253099402,25.0,0.0,0
5.300000000000001,0,106.64999999999989,-0.7354219699593992,0.007883855417874324,11.799999999999962,-3.0,0
5.300000000000001,1,195.0,-0.35115644563891535,0.0004625140198408349,25.0,0.0,0
5.4,0,107.79999999999988,-0.7263984994659628,0.007804491146671088,11.499999999999961,-3.0,0
5.4,1,197.5,-0.35030070297525406,0.0002312998238995987,25.0,0.0,0
5.5,0,108.91999999999987,-0.7176977706907924,0.007726589794555075,11.19999999999996,-3.0,0
5.5,1,200.0,-0.3500000000000001,0.0,25.0,0.0,0
5.6000000000000005,0,110.00999999999986,-0.7093148928815587,0.007650195727987381,10.89999999999996,-3.0,0
5.6000000000000005,1,202.5,-0.35030070297525406,-0.0002312998238995987,25.0,0.0,0
5.7,0,111.06999999999987,-0.7012470266856852,0.0075753387269215065,10.599999999999959,-3.0,0
5.7,1,205.0,-0.35115644563891535,-0.0004625140198409459,25.0,0.0,0
5.800000000000001,0,112.09999999999987,-0.6934827607768503,0.007502104125610324,10.299999999999958,-3.0,0
5.800000000000001,1,207.5,-0.35261313059089294,-0.0006935427253097181,25.0,0.0,0
5.9,0,113.09999999999987,-0.6860161856167349,0.0074305383975168055,9.999999999999957,-3.0,0
5.9,1,210.0,-0.3546239994003082,-0.0009243146792649294,25.0,0.0,0
6.0,0,114.06999999999987,-0.6788413040205528,0.0073606872524424665,9.699999999999957,-3.0,0
6.0,1,212.5,-0.3572344202263954,-0.0011547159389994179,25.0,0.0,0
6.1000000000000005,0,115.00999999999986,-0.6719520324564592,0.0072925956277541636,9.399999999999956,-3.0,0
6.1000000000000005,1,215.0,-0.3603973145676109,-0.0013846897205402051,25.0,0.0,0
6.2,0,115.91999999999986,-0.6653480512158588,0.0072262720435304455,9.099999999999955,-3.0,0
6.2,1,217.5,-0.36415744618810086,-0.0016141081771105113,25.0,0.0,0
6.300000000000001,0,116.79999999999986,-0.6590202722222818,0.0071617785890663145,8.799999999999955,-3.0,0
6.300000000000001,1,220.0,-0.36846748910729366,-0.0018429290895700685,25.0,0.0,0
6.4,0,117.64999999999985,-0.652961672446645,0.007099162749328653,8.499999999999954,-3.0,0
6.4,1,222.5,-0.3733715336717678,-0.00207101090467641,25.0,0.0,0
6.5,0,118.46999999999984,-0.6471658736373547,0.007038466708257766,8.199999999999953,-3.0,0
6.5,1,225.0,-0.3788220793951542,-0.0022983260333657132,25.0,0.0,0
6.6000000000000005,0,119.25999999999983,-0.6416264170439779,0.0069797318400038975,7.899999999999953,-3.0,0
6.6000000000000005,1,227.5,-0.3848624752223463,-0.002524719434703276,25.0,0.0,0
6.7,0,120.01999999999983,-0.636336764783805,0.006922998700813313,7.5999999999999535,-3.0,0
6.7,1,230.0,-0.3914451194034849,-0.002750178192319932,25.0,0.0,0
6.800000000000001,0,120.74999999999982,-0.6313091214210105,0.006868201378582881,7.299999999999954,-3.0,0
6.800000000000001,1,232.5,-0.39861255264084594,-0.0029745340171878874,25.0,0.0,0
6.9,0,121.4499999999998,-0.6265219698999611,0.006815465844675925,6.999999999999954,-3.0,0
6.9,1,235.0,-0.4063171453195289,-0.003197788685558223,25.0,0.0,0
7.0,0,122.1199999999998,-0.6219670797552156,0.00676483914049217,6.699999999999954,-3.0,0
7.0,1,237.5,-0.41460056430451275,-0.0034197609203594683,25.0,0.0,0
7.1000000000000005,0,122.7599999999998,-0.6176559111832127,0.006716259742949318,6.399999999999954,-3.0,0
7.1000000000000005,1,240.0,-0.4234152255572694,-0.00364046718766524,25.0,0.0,0
7.2,0,123.3699999999998,-0.6135749917479071,0.006669804608805601,6.099999999999954,-3.0,0
7.2,1,242.5,-0.4328018578581959,-0.0038597135024480305,25.0,0.0,0
7.300000000000001,0,123.9499999999998,-0.6097121428071862,0.0066255398551899655,5.7999999999999545,-3.0,0
7.300000000000001,1,245.0,-0.4427129961162737,-0.004077530995089555,25.0,0.0,0
7.4,0,124.4999999999998,-0.6060873600671711,0.006583360395429451,5.499999999999955,-3.0,0
7.4,1,247.5,-0.4531883682264908,-0.004293713272295885,25.0,0.0,0
7.5,0,125.0199999999998,-0.6026654490742118,0.006543454245552315,5.199999999999955,-3.0,0
7.5,1,250.0,-0.46418070123306987,-0.00450830608056394,25.0,0.0,0
7.6000000000000005,0,125.50999999999979,-0.5994772035109039,0.00650566012531725,4.899999999999955,-3.0,0
7.6000000000000005,1,252.5,-0.4757286608880542,-0.004721090937152113,25.0,0.0,0
7.7,0,125.96999999999979,-0.5964841566555538,0.006470179930810863,4.599999999999955,-3.0,0
7.7,1,255.0,-0.4877852392623785,-0.004932128133881421,25.0,0.0,0
7.800000000000001,0,126.39999999999978,-0.5937172424291931,0.0064368540481652215,4.299999999999955,-3.0,0
7.800000000000001,1,257.5,-0.5003879803453543,-0.005141187436012322,25.0,0.0,0
7.9,0,126.79999999999977,-0.5911455269107901,0.006405842091248257,3.9999999999999556,-3.0,0
7.9,1,260.0,-0.5134902137174484,-0.005348343587410497,25.0,0.0,0
8.0,0,127.16999999999976,-0.588779904392805,0.00637708900817258,3.6999999999999558,-3.0,0
8.0,1,262.5,-0.5271283037151312,-0.005553354956890888,25.0,0.0,0
8.1,0,127.50999999999975,-0.5866203748752379,0.0063505947989381875,3.399999999999956,-3.0,0
8.1,1,265.0,-0.5412559893908044,-0.005756310624745778,25.0,0.0,0
8.200000000000001,0,127.81999999999975,-0.5846513920798089,0.006326438314048006,3.099999999999956,-3.0,0
8.200000000000001,1,267.5,-0.555908399356926,-0.005956957936442953,25.0,0.0,0
8.3,0,128.09999999999974,-0.582880768325056,0.006304580608901684,2.7999999999999563,-3.0,0
8.3,1,270.0,-0.5710397534688616,-0.006155400170928773,25.0,0.0,0
8.4,0,128.34999999999974,-0.5813124097702477,0.006285002211199042,2.4999999999999565,-3.0,0
8.4,1,272.5,-0.5866838904492825,-0.006351374040386405,25.0,0.0,0
8.5,0,128.56999999999974,-0.5799322542420164,0.006267773221220719,2.1999999999999567,-3.0,0
8.5,1,275.0,-0.6027955815461823,-0.00654499686270464,25.0,0.0,0
8.6,0,128.75999999999974,-0.5787403017403622,0.006252893638966711,1.8999999999999566,-3.0,0
8.6,1,277.5,-0.6194073234155876,-0.006735995123201086,25.0,0.0,0
8.700000000000001,0,128.91999999999973,-0.577736552265285,0.0062403634644370215,1.5999999999999566,-3.0,0
8.700000000000001,1,280.0,-0.6364745084375787,-0.006924499997312764,25.0,0.0,0
8.8,0,129.04999999999973,-0.5769249313248022,0.006230163466860013,1.2999999999999565,-3.0,0
8.8,1,282.5,-0.6540282410940494,-0.007110228165631947,25.0,0.0,0
8.9,0,129.14999999999972,-0.576305438918914,0.006222293646235686,0.9999999999999565,-3.0,0
8.9,1,285.0,-0.6720246036788826,-0.007293324458349908,25.0,0.0,0
9.0,0,129.21999999999971,-0.5758717942347922,0.0062167847717986575,0.6999999999999564,-3.0,0
9.0,1,287.5,-0.6904932605389822,-0.007473496188543537,25.0,0.0,0
9.1,0,129.2599999999997,-0.5756239972724368,0.006213636843548928,0.3999999999999564,-3.0,0
9.1,1,290.0,-0.7093910515999533,-0.007650901617286686,25.0,0.0,0
9.200000000000001,0,129.2699999999997,-0.5755620480318481,0.006212849861486495,0.09999999999995635,-3.0,0
9.200000000000001,1,292.5,-0.7287461553334386,-0.007825239141735522,25.0,0.0,0
9.3,0,129.2699999999997,-0.5755620480318481,0.006212849861486495,0.0,-3.0,0
9.3,1,295.0,-0.7485162358464716,-0.007996680209250344,25.0,0.0,0
9.4,0,129.2699999999997,-0.5755620480318481,0.006212849861486495,0.0,-3.0,0
9.4,1,297.5,-0.7687279422862713,-0.008164914766349477,25.0,0.0,0
9.5,0,129.2699999999997,-0.5755620480318481,0.006212849861486495,0.0,-3.0,0
9.5,1,300.0,-0.7893398282201787,-0.00833012718174325,25.0,0.0,0
9.600000000000001,0,129.2699999999997,-0.5755620480318481,0.006212849861486495,0.0,-3.0,0
9.600000000000001,1,302.5,-0.8103769723799363,-0.00849199942956154,25.0,0.0,0
9.700000000000001,0,129.2699999999997,-0.5755620480318481,0.006212849861486495,0.0,-3.0,0
9.700000000000001,1,305.0,-0.8317988817005877,-0.008650728515004688,25.0,0.0,0
9.8,0,129.2699999999997,-0.5755620480318481,0.006212849861486495,0.0,-3.0,0
9.8,1,307.5,-0.8536290258288115,-0.008805988930289672,25.0,0.0,0
9.9,0,129.2699999999997,-0.5755620480318481,0.006212849861486495,0.0,-3.0,0
9.9,1,310.0,-0.8758279275047246,-0.00895799001276995,25.0,0.0,0
10.0,0,129.2699999999997,-0.5755620480318481,0.006212849861486495,0.0,-3.0,0
10.0,1,312.5,-0.8984174111014493,-0.009106399274696083,25.0,0.0,0
10.100000000000001,0,129.2699999999997,-0.5755620480318481,0.006212849861486495,0.0,-3.0,0
10.100000000000001,1,315.0,-0.9213590760352492,-0.00925143806223851,25.0,0.0,0
10.200000000000001,0,129.2699999999997,-0.5755620480318481,0.006212849861486495,0.0,-3.0,0
10.200000000000001,1,317.5,-0.9446730677540874,-0.009392767420319935,25.0,0.0,0
10.3,0,129.2699999999997,-0.5755620480318481,0.006212849861486495,0.0,-3.0,0
10.3,1,320.0,-0.9683221215612904,-0.00953062036209988,25.0,0.0,0
10.4,0,129.2699999999997,-0.5755620480318481,0.006212849861486495,0.0,-3.0,0
10.4,1,322.5,-0.9923246729168431,-0.009664651987718324,25.0,0.0,0
10.5,0,129.2699999999997,-0.5755620480318481,0.006212849861486495,0.0,-3.0,0
10.5,1,325.0,-1.0166446504705964,-0.009795106617535512,25.0,0.0,0
10.600000000000001,0,129.2699999999997,-0.5755620480318481,0.006212849861486495,0.0,-3.0,0
10.600000000000001,1,327.5,-1.0412987512684135,-0.009921633938553023,25.0,0.0,0
10.700000000000001,0,129.2699999999997,-0.5755620480318481,0.006212849861486495,0.0,-3.0,0
10.700000000000001,1,330.0,-1.0662521529260762,-0.010044489201148445,25.0,0.0,0
10.8,0,129.2699999999997,-0.5755620480318481,0.006212849861486495,0.0,-3.0,0
10.8,1,332.5,-1.0915197883296923,-0.010163317219111727,25.0,0.0,0
10.9,0,129.2699999999997,-0.5755620480318481,0.006212849861486495,0.0,-3.0,0
10.9,1,335.0,-1.1170681377545673,-0.010278383778845147,25.0,0.0,0
11.0,0,129.2699999999997,-0.5755620480318481,0.006212849861486495,0.0,-3.0,0
11.0,1,337.5,-1.142910346901624,-0.010389329368307339,25.0,0.0,0
11.100000000000001,0,129.2699999999997,-0.5755620480318481,0.006212849861486495,0.0,-3.0,0
11.100000000000001,1,340.0,-1.1690142503906797,-0.01049642989973667,25.0,0.0,0
11.200000000000001,0,129.2699999999997,-0.5755620480318481,0.006212849861486495,0.0,-3.0,0
11.200000000000001,1,342.5,-1.1953911864677533,-0.010599322089254851,25.0,0.0,0
11.3,0,129.2699999999997,-0.5755620480318481,0.006212849861486495,0.0,-3.0,0
11.3,1,345.0,-1.222010393693858,-0.010698291549188844,25.0,0.0,0
11.4,0,129.2699999999997,-0.5755620480318481,0.006212849861486495,0.0,-3.0,0
11.4,1,347.5,-1.2488813853773555,-0.01079297178358168,25.0,0.0,0
11.5,0,129.2699999999997,-0.5755620480318481,0.006212849861486495,0.0,-3.0,0
11.5,1,350.0,-1.2759748514523648,-0.01088365766420621,25.0,0.0,0
11.600000000000001,0,129.2699999999997,-0.5755620480318481,0.006212849861486495,0.0,-3.0,0
11.600000000000001,1,352.5,-1.30329846562076,-0.010969980047690028,25.0,0.0,0
11.700000000000001,0,129.2699999999997,-0.5755620480318481,0.006212849861486495,0.0,-3.0,0
11.700000000000001,1,355.0,-1.3308244143837602,-0.01105224261039267,25.0,0.0,0
11.8,0,129.2699999999997,-0.5755620480318481,0.006212849861486495,0.0,-3.0,0
11.8,1,357.5,-1.3585585200044594,-0.011130074130233987,25.0,0.0,0
11.9,0,129.2699999999997,-0.5755620480318481,0.006212849861486495,0.0,-3.0,0
11.9,1,360.0,-1.3864745084375787,-0.011203786619791692,25.0,0.0,0
12.0,0,129.2699999999997,-0.5755620480318481,0.006212849861486495,0.0,-3.0,0
12.0,1,362.5,-1.4145763415299233,-0.011273007350154816,25.0,0.0,0
12.100000000000001,0,129.2699999999997,-0.5755620480318481,0.006212849861486495,0.0,-3.0,0
12.100000000000001,1,365.0,-1.4428393252023888,-0.01133805618896331,25.0,0.0,0
12.200000000000001,0,129.2699999999997,-0.5755620480318481,0.006212849861486495,0.0,-3.0,0
12.200000000000001,1,367.5,-1.4712655547766111,-0.011398559474652998,25.0,0.0,0
12.3,0,129.2699999999997,-0.5755620480318481,0.006212849861486495,0.0,-3.0,0
12.3,1,370.0,-1.4998319542161418,-0.011454844436725875,25.0,0.0,0
12.4,0,129.2699999999997,-0.5755620480318481,0.006212849861486495,0.0,-3.0,0
12.4,1,372.5,-1.5285387490866136,-0.011506537056558228,25.0,0.0,0
12.5,0,129.2699999999997,-0.5755620480318481,0.006212849861486495,0.0,-3.0,0
12.5,1,375.0,-1.5573645169758072,-0.011553971421031322,25.0,0.0,0
12.600000000000001,0,129.2699999999997,-0.5755620480318481,0.006212849861486495,0.0,-3.0,0
12.600000000000001,1,377.5,-1.5863076133455483,-0.011596773730597129,25.0,0.0,0
12.700000000000001,0,129.2699999999997,-0.5755620480318481,0.006212849861486495,0.0,-3.0,0
12.700000000000001,1,380.0,-1.6153483024396535,-0.011635284414526263,25.0,0.0,0
12.8,0,129.2699999999997,-0.5755620480318481,0.006212849861486495,0.0,-3.0,0
12.8,1,382.5,-1.6444830721518984,-0.011669130468139662,25.0,0.0,0
12.9,0,129.2699999999997,-0.5755620480318481,0.006212849861486495,0.0,-3.0,0
12.9,1,385.0,-1.6736939038132437,-0.011698658138393025,25.0,0.0,0
13.0,0,129.2699999999997,-0.5755620480318481,0.006212849861486495,0.0,-3.0,0
13.0,1,387.5,-1.7029754231648266,-0.011723495790049644,25.0,0.0,0
13.100000000000001,0,129.2699999999997,-0.5755620480318481,0.006212849861486495,0.0,-3.0,0
13.100000000000001,1,390.0,-1.7323113564082324,-0.011743994954135714,25.0,0.0,0
13.200000000000001,0,129.2699999999997,-0.5755620480318481,0.006212849861486495,0.0,-3.0,0
13.200000000000001,1,392.5,-1.7616944754186803,-0.011759785937332524,25.0,0.0,0
13.3,0,129.2699999999997,-0.5755620480318481,0.006212849861486495,0.0,-3.0,0
13.3,1,395.0,-1.7911102763613966,-0.011771225013034415,25.0,0.0,0
13.4,0,129.2699999999997,-0.5755620480318481,0.006212849861486495,0.0,-3.0,0
13.4,1,397.5,-1.820549688390927,-0.011777944999340244,25.0,0.0,0
13.5,0,129.2699999999997,-0.5755620480318481,0.006212849861486495,0.0,-3.0,0
13.5,1,400.0,-1.8499999999999999,-0.01178030636305021,25.0,0.0,0
13.600000000000001,0,129.2699999999997,-0.5755620480318481,0.006212849861486495,0.0,-3.0,0
13.600000000000001,1,402.5,-1.8794503116090728,-0.011777944999340241,25.0,0.0,0
13.700000000000001,0,129.2699999999997,-0.5755620480318481,0.006212849861486495,0.0,-3.0,0
13.700000000000001,1,405.0,-1.9088897236386024,-0.011771225013034422,25.0,0.0,0
13.8,0,129.2699999999997,-0.5755620480318481,0.006212849861486495,0.0,-3.0,0
13.8,1,407.5,-1.9383055245813194,-0.011759785937332517,25.0,0.0,0
13.9,0,129.2699999999997,-0.5755620480318481,0.006212849861486495,0.0,-3.0,0
13.9,1,410.0,-1.9676886435917673,-0.011743994954135728,25.0,0.0,0
14.0,0,129.2699999999997,-0.5755620480318481,0.006212849861486495,0.0,-3.0,0
14.0,1,412.5,-1.997024576835173,-0.011723495790049478,25.0,0.0,0
14.100000000000001,0,129.2699999999997,-0.5755620480318481,0.006212849861486495,0.0,-3.0,0
14.100000000000001,1,415.0,-2.0263060961867567,-0.011698658138393386,25.0,0.0,0
14.200000000000001,0,129.2699999999997,-0.5755620480318481,0.006212849861486495,0.0,-3.0,0
14.200000000000001,1,417.5,-2.0555169278481014,-0.01166913046813967,25.0,0.0,0
14.3,0,129.2699999999997,-0.5755620480318481,0.006212849861486495,0.0,-3.0,0
14.3,1,420.0,-2.0846516975603464,-0.01163528441452625,25.0,0.0,0
14.4,0,129.2699999999997,-0.5755620480318481,0.006212849861486495,0.0,-3.0,0
14.4,1,422.5,-2.113692386654451,-0.011596773730597129,25.0,0.0,0
14.5,0,129.2699999999997,-0.5755620480318481,0.006212849861486495,0.0,-3.0,0
14.5,1,425.0,-2.142635483024192,-0.011553971421031322,25.0,0.0,0
14.600000000000001,0,129.2699999999997,-0.5755620480318481,0.006212849861486495,0.0,-3.0,0
14.600000000000001,1,427.5,-2.1714612509133864,-0.011506537056558075,25.0,0.0,0
14.700000000000001,0,129.2699999999997,-0.5755620480318481,0.006212849861486495,0.0,-3.0,0
14.700000000000001,1,430.0,-2.200168045783858,-0.011454844436725875,25.0,0.0,0
14.8,0,129.2699999999997,-0.5755620480318481,0.006212849861486495,0.0,-3.0,0
14.8,1,432.5,-2.2287344452233886,-0.011398559474653151,25.0,0.0,0
14.9,0,129.2699999999997,-0.5755620480318481,0.006212849861486495,0.0,-3.0,0
14.9,1,435.0,-2.2571606747976114,-0.011338056188963365,25.0,0.0,0
15.0,0,129.2699999999997,-0.5755620480318481,0.006212849861486495,0.0,-3.0,0
15.0,1,437.5,-2.285423658470077,-0.011273007350154789,25.0,0.0,0
15.100000000000001,0,129.2699999999997,-0.5755620480318481,0.006212849861486495,0.0,-3.0,0
15.100000000000001,1,440.0,-2.3135254915624213,-0.01120378661979136,25.0,0.0,0
15.200000000000001,0,129.2699999999997,-0.5755620480318481,0.006212849861486495,0.0,-3.0,0
15.200000000000001,1,442.5,-2.3414414799955408,-0.011130074130233973,25.0,0.0,0
15.3,0,129.2699999999997,-0.5755620480318481,0.006212849861486495,0.0,-3.0,0
15.3,1,445.0,-2.3691755856162393,-0.01105224261039267,25.0,0.0,0
15.4,0,129.2699999999997,-0.5755620480318481,0.006212849861486495,0.0,-3.0,0
15.4,1,447.5,-2.3967015343792397,-0.010969980047690083,25.0,0.0,0
15.5,0,129.2699999999997,-0.5755620480318481,0.006212849861486495,0.0,-3.0,0
15.5,1,450.0,-2.4240251485476345,-0.010883657664206433,25.0,0.0,0
15.600000000000001,0,129.2699999999997,-0.5755620480318481,0.006212849861486495,0.0,-3.0,0
15.600000000000001,1,452.5,-2.4511186146226445,-0.010792971783581708,25.0,0.0,0
15.700000000000001,0,129.2699999999997,-0.5755620480318481,0.006212849861486495,0.0,-3.0,0
15.700000000000001,1,455.0,-2.477989606306142,-0.010698291549188844,25.0,0.0,0
15.8,0,129.2699999999997,-0.5755620480318481,0.006212849861486495,0.0,-3.0,0
15.8,1,457.5,-2.5046088135322466,-0.010599322089254574,25.0,0.0,0
15.9,0,129.2699999999997,-0.5755620480318481,0.006212849861486495,0.0,-3.0,0
15.9,1,460.0,-2.5309857496093207,-0.01049642989973667,25.0,0.0,0
16.0,0,129.2699999999997,-0.5755620480318481,0.006212849861486495,0.0,-3.0,0
16.0,1,462.5,-2.557089653098376,-0.010389329368307255,25.0,0.0,0
16.1,0,129.2699999999997,-0.5755620480318481,0.006212849861486495,0.0,-3.0,0
16.1,1,465.0,-2.582931862245432,-0.010278383778845147,25.0,0.0,0
16.2,0,129.2699999999997,-0.5755620480318481,0.006212849861486495,0.0,-3.0,0
16.2,1,467.5,-2.6084802116703076,-0.010163317219111699,25.0,0.0,0
16.3,0,129.2699999999997,-0.5755620480318481,0.006212849861486495,0.0,-3.0,0
16.3,1,470.0,-2.633747847073923,-0.010044489201149056,25.0,0.0,0
16.400000000000002,0,129.2699999999997,-0.5755620480318481,0.006212849861486495,0.0,-3.0,0
16.400000000000002,1,472.5,-2.658701248731586,-0.00992163393855294,25.0,0.0,0
16.5,0,129.2699999999997,-0.5755620480318481,0.006212849861486495,0.0,-3.0,0
16.5,1,475.0,-2.6833553495294034,-0.009795106617535567,25.0,0.0,0
16.6,0,129.2699999999997,-0.5755620480318481,0.006212849861486495,0.0,-3.0,0
16.6,1,477.5,-2.7076753270831566,-0.009664651987718324,25.0,0.0,0
16.7,0,129.2699999999997,-0.5755620480318481,0.006212849861486495,0.0,-3.0,0
16.7,1,480.0,-2.731677878438709,-0.00953062036209988,25.0,0.0,0
16.8,0,129.2699999999997,-0.5755620480318481,0.006212849861486495,0.0,-3.0,0
16.8,1,482.5,-2.7553269322459126,-0.009392767420319963,25.0,0.0,0
16.900000000000002,0,129.2699999999997,-0.5755620480318481,0.006212849861486495,0.0,-3.0,0
16.900000000000002,1,485.0,-2.7786409239647503,-0.0092514380622384,25.0,0.0,0
17.0,0,129.2699999999997,-0.5755620480318481,0.006212849861486495,0.0,-3.0,0
17.0,1,487.5,-2.80158258889855,-0.009106399274696055,25.0,0.0,0
17.1,0,129.2699999999997,-0.5755620480318481,0.006212849861486495,0.0,-3.0,0
17.1,1,490.0,-2.8241720724952755,-0.00895799001277045,25.0,0.0,0
17.2,0,129.2699999999997,-0.5755620480318481,0.006212849861486495,0.0,-3.0,0
17.2,1,492.5,-2.8463709741711885,-0.008805988930289617,25.0,0.0,0
17.3,0,129.2699999999997,-0.5755620480318481,0.006212849861486495,0.0,-3.0,0
17.3,1,495.0,-2.868201118299413,-0.008650728515004577,25.0,0.0,0
17.400000000000002,0,129.2699999999997,-0.5755620480318481,0.006212849861486495,0.0,-3.0,0
17.400000000000002,1,497.5,-2.8896230276200634,-0.00849199942956165,25.0,0.0,0
17.5,0,129.2699999999997,-0.5755620480318481,0.006212849861486495,0.0,-3.0,0
17.5,1,500.0,-2.9106601717798206,-0.00833012718174325,25.0,0.0,0
17.6,0,129.2699999999997,-0.5755620480318481,0.006212849861486495,0.0,-3.0,0
17.6,1,502.5,-2.931272057713729,-0.008164914766349366,25.0,0.0,0
17.7,0,129.2699999999997,-0.5755620480318481,0.006212849861486495,0.0,-3.0,0
17.7,1,505.0,-2.9514837641535285,-0.007996680209250233,25.0,0.0,0
17.8,0,129.2699999999997,-0.5755620480318481,0.006212849861486495,0.0,-3.0,0
17.8,1,507.5,-2.9712538446665615,-0.007825239141735467,25.0,0.0,0
17.900000000000002,0,129.2699999999997,-0.5755620480318481,0.006212849861486495,0.0,-3.0,0
17.900000000000002,1,510.0,-2.990608948400047,-0.007650901617286908,25.0,0.0,0
18.0,0,129.2699999999997,-0.5755620480318481,0.006212849861486495,0.0,-3.0,0
18.0,1,512.5,-3.009506739461018,-0.007473496188543537,25.0,0.0,0
18.1,0,129.2699999999997,-0.5755620480318481,0.006212849861486495,0.0,-3.0,0
18.1,1,515.0,-3.0279753963211173,-0.007293324458350019,25.0,0.0,0
18.2,0,129.2699999999997,-0.5755620480318481,0.006212849861486495,0.0,-3.0,0
18.2,1,517.5,-3.045971758905951,-0.007110228165631725,25.0,0.0,0
18.3,0,129.2699999999997,-0.5755620480318481,0.006212849861486495,0.0,-3.0,0
18.3,1,520.0,-3.0635254915624213,-0.006924499997312653,25.0,0.0,0
18.400000000000002,0,129.2699999999997,-0.5755620480318481,0.006212849861486495,0.0,-3.0,0
18.400000000000002,1,522.5,-3.0805926765844127,-0.006735995123201086,25.0,0.0,0
18.5,0,129.2699999999997,-0.5755620480318481,0.006212849861486495,0.0,-3.0,0
18.5,1,525.0,-3.097204418453818,-0.006544996862705084,25.0,0.0,0
18.6,0,129.2699999999997,-0.5755620480318481,0.006212849861486495,0.0,-3.0,0
18.6,1,527.5,-3.113316109550718,-0.006351374040386183,25.0,0.0,0
18.7,0,129.2699999999997,-0.5755620480318481,0.006212849861486495,0.0,-3.0,0
18.7,1,530.0,-3.128960246531139,-0.006155400170928884,25.0,0.0,0
18.8,0,129.2699999999997,-0.5755620480318481,0.006212849861486495,0.0,-3.0,0
18.8,1,532.5,-3.1440916006430744,-0.005956957936442953,25.0,0.0,0
18.900000000000002,0,129.2699999999997,-0.5755620480318481,0.006212849861486495,0.0,-3.0,0
18.900000000000002,1,535.0,-3.1587440106091957,-0.005756310624745778,25.0,0.0,0
19.0,0,129.2699999999997,-0.5755620480318481,0.006212849861486495,0.0,-3.0,0
19.0,1,537.5,-3.1728716962848686,-0.005553354956890777,25.0,0.0,0
19.1,0,129.2699999999997,-0.5755620480318481,0.006212849861486495,0.0,-3.0,0
19.1,1,540.0,-3.1865097862825515,-0.005348343587410497,25.0,0.0,0
19.200000000000003,0,129.2699999999997,-0.5755620480318481,0.006212849861486495,0.0,-3.0,0
19.200000000000003,1,542.5,-3.199612019654646,-0.005141187436012433,25.0,0.0,0
19.3,0,129.2699999999997,-0.5755620480318481,0.006212849861486495,0.0,-3.0,0
19.3,1,545.0,-3.2122147607376217,-0.004932128133881421,25.0,0.0,0
19.400000000000002,0,129.2699999999997,-0.5755620480318481,0.006212849861486495,0.0,-3.0,0
19.400000000000002,1,547.5,-3.224271339111946,-0.004721090937152168,25.0,0.0,0
19.5,0,129.2699999999997,-0.5755620480318481,0.006212849861486495,0.0,-3.0,0
19.5,1,550.0,-3.23581929876693,-0.004508306080563718,25.0,0.0,0
19.6,0,129.2699999999997,-0.5755620480318481,0.006212849861486495,0.0,-3.0,0
19.6,1,552.5,-3.246811631773509,-0.004293713272295885,25.0,0.0,0
19.700000000000003,0,129.2699999999997,-0.5755620480318481,0.006212849861486495,0.0,-3.0,0
19.700000000000003,1,555.0,-3.2572870038837265,-0.004077530995089444,25.0,0.0,0
19.8,0,129.2699999999997,-0.5755620480318481,0.006212849861486495,0.0,-3.0,0
19.8,1,557.5,-3.267198142141804,-0.003859713502447975,25.0,0.0,0
19.900000000000002,0,129.2699999999997,-0.5755620480318481,0.006212849861486495,0.0,-3.0,0
19.900000000000002,1,560.0,-3.27658477444273,-0.003640467187665018,25.0,0.0,0
20.0,0,129.2699999999997,-0.5755620480318481,0.006212849861486495,0.0,-3.0,0
20.0,1,562.5,-3.285399435695487,-0.003419760920359524,25.0,0.0,0
20.1,0,129.2699999999997,-0.5755620480318481,0.006212849861486495,0.0,-3.0,0
20.1,1,565.0,-3.2936828546804713,-0.003197788685558334,25.0,0.0,0
20.200000000000003,0,129.2699999999997,-0.5755620480318481,0.006212849861486495,0.0,-3.0,0
20.200000000000003,1,567.5,-3.3013874473591542,-0.0029745340171878874,25.0,0.0,0
20.3,0,129.2699999999997,-0.5755620480318481,0.006212849861486495,0.0,-3.0,0
20.3,1,570.0,-3.3085548805965153,-0.00275017819231971,25.0,0.0,0
20.400000000000002,0,129.2699999999997,-0.5755620480318481,0.006212849861486495,0.0,-3.0,0
20.400000000000002,1,572.5,-3.3151375247776538,-0.002524719434703387,25.0,0.0,0
20.5,0,129.2699999999997,-0.5755620480318481,0.006212849861486495,0.0,-3.0,0
20.5,1,575.0,-3.3211779206048457,-0.0022983260333657132,25.0,0.0,0
20.6,0,129.2699999999997,-0.5755620480318481,0.006212849861486495,0.0,-3.0,0
20.6,1,577.5,-3.3266284663282324,-0.00207101090467641,25.0,0.0,0
20.700000000000003,0,129.2699999999997,-0.5755620480318481,0.006212849861486495,0.0,-3.0,0
20.700000000000003,1,580.0,-3.3315325108927065,-0.0018429290895699574,25.0,0.0,0
20.8,0,129.2699999999997,-0.5755620480318481,0.006212849861486495,0.0,-3.0,0
20.8,1,582.5,-3.335842553811899,-0.0016141081771105113,25.0,0.0,0
20.900000000000002,0,129.2699999999997,-0.5755620480318481,0.006212849861486495,0.0,-3.0,0
20.900000000000002,1,585.0,-3.3396026854323893,-0.0013846897205402051,25.0,0.0,0
21.0,0,129.2699999999997,-0.5755620480318481,0.006212849861486495,0.0,-3.0,0
21.0,1,587.5,-3.3427655797736047,-0.001154715938999529,25.0,0.0,0
21.1,0,129.2699999999997,-0.5755620480318481,0.006212849861486495,0.0,-3.0,0
21.1,1,590.0,-3.3453760005996918,-0.0009243146792648184,25.0,0.0,0
21.200000000000003,0,129.2699999999997,-0.5755620480318481,0.006212849861486495,0.0,-3.0,0
21.200000000000003,1,592.5,-3.347386869409107,-0.0006935427253098291,25.0,0.0,0
21.3,0,129.2699999999997,-0.5755620480318481,0.006212849861486495,0.0,-3.0,0
21.3,1,595.0,-3.3488435543610846,-0.0004625140198408349,25.0,0.0,0
21.400000000000002,0,129.2699999999997,-0.5755620480318481,0.006212849861486495,0.0,-3.0,0
21.400000000000002,1,597.5,-3.3496992970247463,-0.0002312998238996542,25.0,0.0,0
21.5,0,129.2699999999997,-0.5755620480318481,0.006212849861486495,0.0,-3.0,0
21.5,1,600.0,-3.35,0.0,25.0,0.0,0
21.6,0,129.2699999999997,-0.5755620480318481,0.006212849861486495,0.0,-3.0,0
21.6,1,602.5,-3.3496992970247463,0.0002312998238995987,25.0,0.0,0
21.700000000000003,0,129.2699999999997,-0.5755620480318481,0.006212849861486495,0.0,-3.0,0
21.700000000000003,1,605.0,-3.3488435543610846,0.00046251401984105694,25.0,0.0,0
21.8,0,129.2699999999997,-0.5755620480318481,0.006212849861486495,0.0,-3.0,0
21.8,1,607.5,-3.347386869409107,0.0006935427253097181,25.0,0.0,0
21.900000000000002,0,129.2699999999997,-0.5755620480318481,0.006212849861486495,0.0,-3.0,0
21.900000000000002,1,610.0,-3.3453760005996918,0.0009243146792649294,25.0,0.0,0
22.0,0,129.2699999999997,-0.5755620480318481,0.006212849861486495,0.0,-3.0,0
22.0,1,612.5,-3.342765579773605,0.0011547159389994179,25.0,0.0,0
22.1,0,129.2699999999997,-0.5755620480318481,0.006212849861486495,0.0,-3.0,0
22.1,1,615.0,-3.3396026854323893,0.0013846897205402051,25.0,0.0,0
22.200000000000003,0,129.2699999999997,-0.5755620480318481,0.006212849861486495,0.0,-3.0,0
22.200000000000003,1,617.5,-3.335842553811899,0.0016141081771105113,25.0,0.0,0
22.3,0,129.2699999999997,-0.5755620480318481,0.006212849861486495,0.0,-3.0,0
22.3,1,620.0,-3.3315325108927065,0.0018429290895701795,25.0,0.0,0
22.400000000000002,0,129.2699999999997,-0.5755620480318481,0.006212849861486495,0.0,-3.0,0
22.400000000000002,1,622.5,-3.3266284663282324,0.00207101090467641,25.0,0.0,0
22.5,0,129.2699999999997,-0.5755620480318481,0.006212849861486495,0.0,-3.0,0
22.5,1,625.0,-3.321177920604846,0.0022983260333658243,25.0,0.0,0
22.6,0,129.2699999999997,-0.5755620480318481,0.006212849861486495,0.0,-3.0,0
22.6,1,627.5,-3.315137524777654,0.002524719434703276,25.0,0.0,0
22.700000000000003,0,129.2699999999997,-0.5755620480318481,0.006212849861486495,0.0,-3.0,0
22.700000000000003,1,630.0,-3.308554880596515,0.002750178192319821,25.0,0.0,0
22.8,0,129.2699999999997,-0.5755620480318481,0.006212849861486495,0.0,-3.0,0
22.8,1,632.5,-3.3013874473591542,0.002974534017187832,25.0,0.0,0
22.900000000000002,0,129.2699999999997,-0.5755620480318481,0.006212849861486495,0.0,-3.0,0
22.900000000000002,1,635.0,-3.2936828546804717,0.003197788685558223,25.0,0.0,0
23.0,0,129.2699999999997,-0.5755620480318481,0.006212849861486495,0.0,-3.0,0
23.0,1,637.5,-3.2853994356954876,0.0034197609203594683,25.0,0.0,0
23.1,0,129.2699999999997,-0.5755620480318481,0.006212849861486495,0.0,-3.0,0
23.1,1,640.0,-3.276584774442731,0.00364046718766524,25.0,0.0,0
23.200000000000003,0,129.2699999999997,-0.5755620480318481,0.006212849861486495,0.0,-3.0,0
23.200000000000003,1,642.5,-3.267198142141804,0.0038597135024480305,25.0,0.0,0
23.3,0,129.2699999999997,-0.5755620480318481,0.006212849861486495,0.0,-3.0,0
23.3,1,645.0,-3.257287003883726,0.004077530995089444,25.0,0.0,0
23.400000000000002,0,129.2699999999997,-0.5755620480318481,0.006212849861486495,0.0,-3.0,0
23.400000000000002,1,647.5,-3.246811631773509,0.004293713272295885,25.0,0.0,0
23.5,0,129.2699999999997,-0.5755620480318481,0.006212849861486495,0.0,-3.0,0
23.5,1,650.0,-3.2358192987669305,0.00450830608056394,25.0,0.0,0
23.6,0,129.2699999999997,-0.5755620480318481,0.006212849861486495,0.0,-3.0,0
23.6,1,652.5,-3.224271339111946,0.004721090937152279,25.0,0.0,0
23.700000000000003,0,129.2699999999997,-0.5755620480318481,0.006212849861486495,0.0,-3.0,0
23.700000000000003,1,655.0,-3.212214760737622,0.004932128133881088,25.0,0.0,0
23.8,0,129.2699999999997,-0.5755620480318481,0.006212849861486495,0.0,-3.0,0
23.8,1,657.5,-3.1996120196546456,0.005141187436012211,25.0,0.0,0
23.900000000000002,0,129.2699999999997,-0.5755620480318481,0.006212849861486495,0.0,-3.0,0
23.900000000000002,1,660.0,-3.1865097862825524,0.00534834358741083,25.0,0.0,0
24.0,0,129.2699999999997,-0.5755620480318481,0.006212849861486495,0.0,-3.0,0
24.0,1,662.5,-3.1728716962848695,0.005553354956890777,25.0,0.0,0
24.1,0,129.2699999999997,-0.5755620480318481,0.006212849861486495,0.0,-3.0,0
24.1,1,665.0,-3.1587440106091957,0.005756310624745334,25.0,0.0,0
24.200000000000003,0,129.2699999999997,-0.5755620480318481,0.006212849861486495,0.0,-3.0,0
24.200000000000003,1,667.5,-3.1440916006430744,0.005956957936443286,25.0,0.0,0
24.3,0,129.2699999999997,-0.5755620480318481,0.006212849861486495,0.0,-3.0,0
24.3,1,670.0,-3.128960246531139,0.00615540017092844,25.0,0.0,0
24.400000000000002,0,129.2699999999997,-0.5755620480318481,0.006212849861486495,0.0,-3.0,0
24.400000000000002,1,672.5,-3.113316109550718,0.006351374040386294,25.0,0.0,0
24.5,0,129.2699999999997,-0.5755620480318481,0.006212849861486495,0.0,-3.0,0
24.5,1,675.0,-3.097204418453818,0.006544996862704973,25.0,0.0,0
24.6,0,129.2699999999997,-0.5755620480318481,0.006212849861486495,0.0,-3.0,0
24.6,1,677.5,-3.080592676584413,0.006735995123201197,25.0,0.0,0
24.700000000000003,0,129.2699999999997,-0.5755620480318481,0.006212849861486495,0.0,-3.0,0
24.700000000000003,1,680.0,-3.0635254915624217,0.006924499997312098,25.0,0.0,0
24.8,0,129.2699999999997,-0.5755620480318481,0.006212849861486495,0.0,-3.0,0
24.8,1,682.5,-3.045971758905951,0.007110228165632114,25.0,0.0,0
24.900000000000002,0,129.2699999999997,-0.5755620480318481,0.006212849861486495,0.0,-3.0,0
24.900000000000002,1,685.0,-3.0279753963211187,0.007293324458350463,25.0,0.0,0
25.0,0,129.2699999999997,-0.5755620480318481,0.006212849861486495,0.0,-3.0,0
25.0,1,687.5,-3.009506739461018,0.0074734961885430376,25.0,0.0,0
25.1,0,129.2699999999997,-0.5755620480318481,0.006212849861486495,0.0,-3.0,0
25.1,1,690.0,-2.9906089484000464,0.00765090161728724,25.0,0.0,0
25.200000000000003,0,129.2699999999997,-0.5755620480318481,0.006212849861486495,0.0,-3.0,0
25.200000000000003,1,692.5,-2.971253844666562,0.007825239141735689,25.0,0.0,0
25.3,0,129.2699999999997,-0.5755620480318481,0.006212849861486495,0.0,-3.0,0
25.3,1,695.0,-2.951483764153529,0.007996680209249788,25.0,0.0,0
25.400000000000002,0,129.2699999999997,-0.5755620480318481,0.006212849861486495,0.0,-3.0,0
25.400000000000002,1,697.5,-2.931272057713729,0.008164914766349422,25.0,0.0,0
25.5,0,129.2699999999997,-0.5755620480318481,0.006212849861486495,0.0,-3.0,0
25.5,1,700.0,-2.9106601717798224,0.008330127181743694,25.0,0.0,0
25.6,0,129.2699999999997,-0.5755620480318481,0.006212849861486495,0.0,-3.0,0
25.6,1,702.5,-2.8896230276200643,0.008491999429561373,25.0,0.0,0
25.700000000000003,0,129.2699999999997,-0.5755620480318481,0.006212849861486495,0.0,-3.0,0
25.700000000000003,1,705.0,-2.8682011182994125,0.008650728515004466,25.0,0.0,0
25.8,0,129.2699999999997,-0.5755620480318481,0.006212849861486495,0.0,-3.0,0
25.8,1,707.5,-2.8463709741711893,0.008805988930290116,25.0,0.0,0
25.900000000000002,0,129.2699999999997,-0.5755620480318481,0.006212849861486495,0.0,-3.0,0
25.900000000000002,1,710.0,-2.8241720724952764,0.008957990012769895,25.0,0.0,0
26.0,0,129.2699999999997,-0.5755620480318481,0.006212849861486495,0.0,-3.0,0
26.0,1,712.5,-2.801582588898551,0.009106399274695861,25.0,0.0,0
26.1,0,129.2699999999997,-0.5755620480318481,0.006212849861486495,0.0,-3.0,0
26.1,1,715.0,-2.7786409239647503,0.009251438062238788,25.0,0.0,0
26.200000000000003,0,129.2699999999997,-0.5755620480318481,0.006212849861486495,0.0,-3.0,0
26.200000000000003,1,717.5,-2.7553269322459135,0.009392767420319907,25.0,0.0,0
26.3,0,129.2699999999997,-0.5755620480318481,0.006212849861486495,0.0,-3.0,0
26.3,1,720.0,-2.7316778784387097,0.009530620362099436,25.0,0.0,0
26.400000000000002,0,129.2699999999997,-0.5755620480318481,0.006212849861486495,0.0,-3.0,0
26.400000000000002,1,722.5,-2.707675327083157,0.009664651987718573,25.0,0.0,0
26.5,0,129.2699999999997,-0.5755620480318481,0.006212849861486495,0.0,-3.0,0
26.5,1,725.0,-2.6833553495294042,0.009795106617536067,25.0,0.0,0
26.6,0,129.2699999999997,-0.5755620480318481,0.006212849861486495,0.0,-3.0,0
26.6,1,727.5,-2.658701248731587,0.009921633938552717,25.0,0.0,0
26.700000000000003,0,129.2699999999997,-0.5755620480318481,0.006212849861486495,0.0,-3.0,0
26.700000000000003,1,730.0,-2.633747847073923,0.0100444892011485,25.0,0.0,0
26.8,0,129.2699999999997,-0.5755620480318481,0.006212849861486495,0.0,-3.0,0
26.8,1,732.5,-2.6084802116703085,0.010163317219112004,25.0,0.0,0
26.900000000000002,0,129.2699999999997,-0.5755620480318481,0.006212849861486495,0.0,-3.0,0
26.900000000000002,1,735.0,-2.582931862245433,0.010278383778844592,25.0,0.0,0
27.0,0,129.2699999999997,-0.5755620480318481,0.006212849861486495,0.0,-3.0,0
27.0,1,737.5,-2.5570896530983758,0.010389329368307283,25.0,0.0,0
27.1,0,129.2699999999997,-0.5755620480318481,0.006212849861486495,0.0,-3.0,0
27.1,1,740.0,-2.5309857496093207,0.010496429899737226,25.0,0.0,0
27.200000000000003,0,129.2699999999997,-0.5755620480318481,0.006212849861486495,0.0,-3.0,0
27.200000000000003,1,742.5,-2.5046088135322475,0.010599322089254296,25.0,0.0,0
27.3,0,129.2699999999997,-0.5755620480318481,0.006212849861486495,0.0,-3.0,0
27.3,1,745.0,-2.477989606306142,0.010698291549188844,25.0,0.0,0
27.400000000000002,0,129.2699999999997,-0.5755620480318481,0.006212849861486495,0.0,-3.0,0
27.400000000000002,1,747.5,-2.451118614622644,0.010792971783582014,25.0,0.0,0
27.5,0,129.2699999999997,-0.5755620480318481,0.006212849861486495,0.0,-3.0,0
27.5,1,750.0,-2.424025148547636,0.010883657664206155,25.0,0.0,0
27.6,0,129.2699999999997,-0.5755620480318481,0.006212849861486495,0.0,-3.0,0
27.6,1,752.5,-2.3967015343792397,0.010969980047689612,25.0,0.0,0
27.700000000000003,0,129.2699999999997,-0.5755620480318481,0.006212849861486495,0.0,-3.0,0
27.700000000000003,1,755.0,-2.36917558561624,0.011052242610393281,25.0,0.0,0
27.8,0,129.2699999999997,-0.5755620480318481,0.006212849861486495,0.0,-3.0,0
27.8,1,757.5,-2.3414414799955408,0.011130074130234292,25.0,0.0,0
27.900000000000002,0,129.2699999999997,-0.5755620480318481,0.006212849861486495,0.0,-3.0,0
27.900000000000002,1,760.0,-2.3135254915624217,0.011203786619790776,25.0,0.0,0
28.0,0,129.2699999999997,-0.5755620480318481,0.006212849861486495,0.0,-3.0,0
28.0,1,762.5,-2.2854236584700773,0.011273007350154927,25.0,0.0,0
28.1,0,129.2699999999997,-0.5755620480318481,0.006212849861486495,0.0,-3.0,0
28.1,1,765.0,-2.2571606747976114,0.011338056188963337,25.0,0.0,0
28.200000000000003,0,129.2699999999997,-0.5755620480318481,0.006212849861486495,0.0,-3.0,0
28.200000000000003,1,767.5,-2.228734445223389,0.011398559474653012,25.0,0.0,0
28.3,0,129.2699999999997,-0.5755620480318481,0.006212849861486495,0.0,-3.0,0
28.3,1,770.0,-2.200168045783858,0.011454844436725875,25.0,0.0,0
28.400000000000002,0,129.2699999999997,-0.5755620480318481,0.006212849861486495,0.0,-3.0,0
28.400000000000002,1,772.5,-2.1714612509133873,0.011506537056558366,25.0,0.0,0
28.5,0,129.2699999999997,-0.5755620480318481,0.006212849861486495,0.0,-3.0,0
28.5,1,775.0,-2.1426354830241934,0.011553971421031322,25.0,0.0,0
28.6,0,129.2699999999997,-0.5755620480318481,0.006212849861486495,0.0,-3.0,0
28.6,1,777.5,-2.1136923866544524,0.011596773730596956,25.0,0.0,0
28.700000000000003,0,129.2699999999997,-0.5755620480318481,0.006212849861486495,0.0,-3.0,0
28.700000000000003,1,780.0,-2.084651697560347,0.011635284414526902,25.0,0.0,0
28.8,0,129.2699999999997,-0.5755620480318481,0.006212849861486495,0.0,-3.0,0
28.8,1,782.5,-2.0555169278481014,0.011669130468139676,25.0,0.0,0
28.900000000000002,0,129.2699999999997,-0.5755620480318481,0.006212849861486495,0.0,-3.0,0
28.900000000000002,1,785.0,-2.0263060961867567,0.011698658138393039,25.0,0.0,0
29.0,0,129.2699999999997,-0.5755620480318481,0.006212849861486495,0.0,-3.0,0
29.0,1,787.5,-1.9970245768351738,0.011723495790049478,25.0,0.0,0
29.1,0,129.2699999999997,-0.5755620480318481,0.006212849861486495,0.0,-3.0,0
29.1,1,790.0,-1.9676886435917686,0.01174399495413572,25.0,0.0,0
29.200000000000003,0,129.2699999999997,-0.5755620480318481,0.006212849861486495,0.0,-3.0,0
29.200000000000003,1,792.5,-1.9383055245813197,0.011759785937332528,25.0,0.0,0
29.3,0,129.2699999999997,-0.5755620480318481,0.006212849861486495,0.0,-3.0,0
29.3,1,795.0,-1.9088897236386038,0.011771225013034086,25.0,0.0,0
29.400000000000002,0,129.2699999999997,-0.5755620480318481,0.006212849861486495,0.0,-3.0,0
29.400000000000002,1,797.5,-1.879450311609074,0.011777944999340241,25.0,0.0,0
29.5,0,129.2699999999997,-0.5755620480318481,0.006212849861486495,0.0,-3.0,0
29.5,1,800.0,-1.8500000000000005,0.011780306363050877,25.0,0.0,0
29.6,0,129.2699999999997,-0.5755620480318481,0.006212849861486495,0.0,-3.0,0
29.6,1,802.5,-1.8205496883909271,0.011777944999340243,25.0,0.0,0
29.700000000000003,0,129.2699999999997,-0.5755620480318481,0.006212849861486495,0.0,-3.0,0
29.700000000000003,1,805.0,-1.7911102763613973,0.01177122501303409,25.0,0.0,0
29.8,0,129.2699999999997,-0.5755620480318481,0.006212849861486495,0.0,-3.0,0
29.8,1,807.5,-1.7616944754186812,0.01175978593733252,25.0,0.0,0
29.900000000000002,0,129.2699999999997,-0.5755620480318481,0.006212849861486495,0.0,-3.0,0
29.900000000000002,1,810.0,-1.7323113564082337,0.01174399495413572,25.0,0.0,0
30.0,0,129.2699999999997,-0.5755620480318481,0.006212849861486495,0.0,-3.0,0
30.0,1,812.5,-1.702975423164827,0.011723495790049485,25.0,0.0,0
30.1,0,129.2699999999997,-0.5755620480318481,0.006212849861486495,0.0,-3.0,0
30.1,1,815.0,-1.6736939038132443,0.011698658138393039,25.0,0.0,0
30.200000000000003,0,129.2699999999997,-0.5755620480318481,0.006212849861486495,0.0,-3.0,0
30.200000000000003,1,817.5,-1.6444830721518995,0.011669130468139995,25.0,0.0,0
30.3,0,129.2699999999997,-0.5755620480318481,0.006212849861486495,0.0,-3.0,0
30.3,1,820.0,-1.6153483024396542,0.011635284414525611,25.0,0.0,0
30.400000000000002,0,129.2699999999997,-0.5755620480318481,0.006212849861486495,0.0,-3.0,0
30.400000000000002,1,822.5,-1.5863076133455487,0.011596773730597296,25.0,0.0,0
30.5,0,129.2699999999997,-0.5755620480318481,0.006212849861486495,0.0,-3.0,0
30.5,1,825.0,-1.5573645169758077,0.011553971421031322,25.0,0.0,0
30.6,0,129.2699999999997,-0.5755620480318481,0.006212849861486495,0.0,-3.0,0
30.6,1,827.5,-1.5285387490866145,0.011506537056558047,25.0,0.0,0
30.700000000000003,0,129.2699999999997,-0.5755620480318481,0.006212849861486495,0.0,-3.0,0
30.700000000000003,1,830.0,-1.4998319542161416,0.011454844436725875,25.0,0.0,0
30.8,0,129.2699999999997,-0.5755620480318481,0.006212849861486495,0.0,-3.0,0
30.8,1,832.5,-1.4712655547766116,0.011398559474653026,25.0,0.0,0
30.900000000000002,0,129.2699999999997,-0.5755620480318481,0.006212849861486495,0.0,-3.0,0
30.900000000000002,1,835.0,-1.4428393252023892,0.011338056188963337,25.0,0.0,0
31.0,0,129.2699999999997,-0.5755620480318481,0.006212849861486495,0.0,-3.0,0
31.0,1,837.5,-1.4145763415299233,0.011273007350154303,25.0,0.0,0
31.1,0,129.2699999999997,-0.5755620480318481,0.006212849861486495,0.0,-3.0,0
31.1,1,840.0,-1.3864745084375794,0.011203786619792025,25.0,0.0,0
31.200000000000003,0,129.2699999999997,-0.5755620480318481,0.006212849861486495,0.0,-3.0,0
31.200000000000003,1,842.5,-1.3585585200044599,0.011130074130234001,25.0,0.0,0
31.3,0,129.2699999999997,-0.5755620480318481,0.006212849861486495,0.0,-3.0,0
31.3,1,845.0,-1.3308244143837604,0.01105224261039267,25.0,0.0,0
31.400000000000002,0,129.2699999999997,-0.5755620480318481,0.006212849861486495,0.0,-3.0,0
31.400000000000002,1,847.5,-1.30329846562076,0.010969980047690195,25.0,0.0,0
31.5,0,129.2699999999997,-0.5755620480318481,0.006212849861486495,0.0,-3.0,0
31.5,1,850.0,-1.2759748514523663,0.010883657664206155,25.0,0.0,0
31.6,0,129.2699999999997,-0.5755620480318481,0.006212849861486495,0.0,-3.0,0
31.6,1,852.5,-1.248881385377356,0.010792971783581708,25.0,0.0,0
31.700000000000003,0,129.2699999999997,-0.5755620480318481,0.006212849861486495,0.0,-3.0,0
31.700000000000003,1,855.0,-1.2220103936938573,0.010698291549188844,25.0,0.0,0
31.8,0,129.2699999999997,-0.5755620480318481,0.006212849861486495,0.0,-3.0,0
31.8,1,857.5,-1.1953911864677538,0.010599322089254879,25.0,0.0,0
31.900000000000002,0,129.2699999999997,-0.5755620480318481,0.006212849861486495,0.0,-3.0,0
31.900000000000002,1,860.0,-1.1690142503906802,0.01049642989973606,25.0,0.0,0
32.0,0,129.2699999999997,-0.5755620480318481,0.006212849861486495,0.0,-3.0,0
32.0,1,862.5,-1.1429103469016242,0.010389329368307616,25.0,0.0,0
32.1,0,129.2699999999997,-0.5755620480318481,0.006212849861486495,0.0,-3.0,0
32.1,1,865.0,-1.1170681377545677,0.010278383778845702,25.0,0.0,0
32.2,0,129.2699999999997,-0.5755620480318481,0.006212849861486495,0.0,-3.0,0
32.2,1,867.5,-1.0915197883296928,0.010163317219111394,25.0,0.0,0
32.300000000000004,0,129.2699999999997,-0.5755620480318481,0.006212849861486495,0.0,-3.0,0
32.300000000000004,1,870.0,-1.0662521529260767,0.0100444892011485,25.0,0.0,0
32.4,0,129.2699999999997,-0.5755620480318481,0.006212849861486495,0.0,-3.0,0
32.4,1,872.5,-1.0412987512684138,0.00992163393855355,25.0,0.0,0
32.5,0,129.2699999999997,-0.5755620480318481,0.006212849861486495,0.0,-3.0,0
32.5,1,875.0,-1.0166446504705975,0.009795106617535623,25.0,0.0,0
32.6,0,129.2699999999997,-0.5755620480318481,0.006212849861486495,0.0,-3.0,0
32.6,1,877.5,-0.9923246729168432,0.009664651987718074,25.0,0.0,0
32.7,0,129.2699999999997,-0.5755620480318481,0.006212849861486495,0.0,-3.0,0
32.7,1,880.0,-0.9683221215612909,0.009530620362100435,25.0,0.0,0
32.800000000000004,0,129.2699999999997,-0.5755620480318481,0.006212849861486495,0.0,-3.0,0
32.800000000000004,1,882.5,-0.9446730677540881,0.00939276742031999,25.0,0.0,0
32.9,0,129.2699999999997,-0.5755620480318481,0.006212849861486495,0.0,-3.0,0
32.9,1,885.0,-0.9213590760352492,0.009251438062237789,25.0,0.0,0
33.0,0,129.2699999999997,-0.5755620480318481,0.006212849861486495,0.0,-3.0,0
33.0,1,887.5,-0.8984174111014496,0.009106399274696416,25.0,0.0,0
33.1,0,129.2699999999997,-0.5755620480318481,0.006212849861486495,0.0,-3.0,0
33.1,1,890.0,-0.8758279275047254,0.008957990012770395,25.0,0.0,0
33.2,0,129.2699999999997,-0.5755620480318481,0.006212849861486495,0.0,-3.0,0
33.2,1,892.5,-0.8536290258288116,0.008805988930289117,25.0,0.0,0
33.300000000000004,0,129.2699999999997,-0.5755620480318481,0.006212849861486495,0.0,-3.0,0
33.300000000000004,1,895.0,-0.831798881700587,0.00865072851500491,25.0,0.0,0
33.4,0,129.2699999999997,-0.5755620480318481,0.006212849861486495,0.0,-3.0,0
33.4,1,897.5,-0.8103769723799369,0.008491999429561872,25.0,0.0,0
33.5,0,129.2699999999997,-0.5755620480318481,0.006212849861486495,0.0,-3.0,0
33.5,1,900.0,-0.7893398282201791,0.008330127181742695,25.0,0.0,0
33.6,0,129.2699999999997,-0.5755620480318481,0.006212849861486495,0.0,-3.0,0
33.6,1,902.5,-0.768727942286271,0.008164914766349476,25.0,0.0,0
33.7,0,129.2699999999997,-0.5755620480318481,0.006212849861486495,0.0,-3.0,0
33.7,1,905.0,-0.7485162358464725,0.007996680209250677,25.0,0.0,0
33.800000000000004,0,129.2699999999997,-0.5755620480318481,0.006212849861486495,0.0,-3.0,0
33.800000000000004,1,907.5,-0.728746155333439,0.007825239141735467,25.0,0.0,0
33.9,0,129.2699999999997,-0.5755620480318481,0.006212849861486495,0.0,-3.0,0
33.9,1,910.0,-0.7093910515999533,0.007650901617286242,25.0,0.0,0
34.0,0,129.2699999999997,-0.5755620480318481,0.006212849861486495,0.0,-3.0,0
34.0,1,912.5,-0.6904932605389824,0.007473496188543925,25.0,0.0,0
34.1,0,129.2699999999997,-0.5755620480318481,0.006212849861486495,0.0,-3.0,0
34.1,1,915.0,-0.6720246036788831,0.007293324458349575,25.0,0.0,0
34.2,0,129.2699999999997,-0.5755620480318481,0.006212849861486495,0.0,-3.0,0
34.2,1,917.5,-0.6540282410940494,0.0071102281656317805,25.0,0.0,0
34.300000000000004,0,129.2699999999997,-0.5755620480318481,0.006212849861486495,0.0,-3.0,0
34.300000000000004,1,920.0,-0.6364745084375782,0.006924499997312986,25.0,0.0,0
34.4,0,129.2699999999997,-0.5755620480318481,0.006212849861486495,0.0,-3.0,0
34.4,1,922.5,-0.6194073234155881,0.006735995123201142,25.0,0.0,0
34.5,0,129.2699999999997,-0.5755620480318481,0.006212849861486495,0.0,-3.0,0
34.5,1,925.0,-0.6027955815461823,0.006544996862704418,25.0,0.0,0
34.6,0,129.2699999999997,-0.5755620480318481,0.006212849861486495,0.0,-3.0,0
34.6,1,927.5,-0.5866838904492826,0.006351374040386572,25.0,0.0,0
34.7,0,129.2699999999997,-0.5755620480318481,0.006212849861486495,0.0,-3.0,0
34.7,1,930.0,-0.5710397534688623,0.006155400170929217,25.0,0.0,0
34.800000000000004,0,129.2699999999997,-0.5755620480318481,0.006212849861486495,0.0,-3.0,0
34.800000000000004,1,932.5,-0.5559083993569262,0.00595695793644262,25.0,0.0,0
34.9,0,129.2699999999997,-0.5755620480318481,0.006212849861486495,0.0,-3.0,0
34.9,1,935.0,-0.5412559893908044,0.005756310624746111,25.0,0.0,0
35.0,0,129.2699999999997,-0.5755620480318481,0.006212849861486495,0.0,-3.0,0
35.0,1,937.5,-0.5271283037151318,0.005553354956890721,25.0,0.0,0
35.1,0,129.2699999999997,-0.5755620480318481,0.006212849861486495,0.0,-3.0,0
35.1,1,940.0,-0.5134902137174486,0.005348343587410164,25.0,0.0,0
35.2,0,129.2699999999997,-0.5755620480318481,0.006212849861486495,0.0,-3.0,0
35.2,1,942.5,-0.5003879803453541,0.005141187436012377,25.0,0.0,0
35.300000000000004,0,129.2699999999997,-0.5755620480318481,0.006212849861486495,0.0,-3.0,0
35.300000000000004,1,945.0,-0.48778523926237893,0.004932128133881643,25.0,0.0,0
35.4,0,129.2699999999997,-0.5755620480318481,0.006212849861486495,0.0,-3.0,0
35.4,1,947.5,-0.47572866088805443,0.004721090937151946,25.0,0.0,0
35.5,0,129.2699999999997,-0.5755620480318481,0.006212849861486495,0.0,-3.0,0
35.5,1,950.0,-0.4641807012330701,0.00450830608056394,25.0,0.0,0
35.6,0,129.2699999999997,-0.5755620480318481,0.006212849861486495,0.0,-3.0,0
35.6,1,952.5,-0.4531883682264911,0.004293713272296162,25.0,0.0,0
35.7,0,129.2699999999997,-0.5755620480318481,0.006212849861486495,0.0,-3.0,0
35.7,1,955.0,-0.4427129961162741,0.004077530995089222,25.0,0.0,0
35.800000000000004,0,129.2699999999997,-0.5755620480318481,0.006212849861486495,0.0,-3.0,0
35.800000000000004,1,957.5,-0.4328018578581959,0.00385971350244803,25.0,0.0,0
35.9,0,129.2699999999997,-0.5755620480318481,0.006212849861486495,0.0,-3.0,0
35.9,1,960.0,-0.42341522555727007,0.003640467187665129,25.0,0.0,0
36.0,0,129.2699999999997,-0.5755620480318481,0.006212849861486495,0.0,-3.0,0
36.0,1,962.5,-0.4146005643045132,0.0034197609203594683,25.0,0.0,0
36.1,0,129.2699999999997,-0.5755620480318481,0.006212849861486495,0.0,-3.0,0
36.1,1,965.0,-0.4063171453195289,0.003197788685558112,25.0,0.0,0
36.2,0,129.2699999999997,-0.5755620480318481,0.006212849861486495,0.0,-3.0,0
36.2,1,967.5,-0.39861255264084616,0.002974534017188054,25.0,0.0,0
36.300000000000004,0,129.2699999999997,-0.5755620480318481,0.006212849861486495,0.0,-3.0,0
36.300000000000004,1,970.0,-0.39144511940348536,0.002750178192319932,25.0,0.0,0
36.4,0,129.2699999999997,-0.5755620480318481,0.006212849861486495,0.0,-3.0,0
36.4,1,972.5,-0.3848624752223463,0.0025247194347032204,25.0,0.0,0
36.5,0,129.2699999999997,-0.5755620480318481,0.006212849861486495,0.0,-3.0,0
36.5,1,975.0,-0.378822079395154,0.0022983260333658243,25.0,0.0,0
36.6,0,129.2699999999997,-0.5755620480318481,0.006212849861486495,0.0,-3.0,0
36.6,1,977.5,-0.373371533671768,0.0020710109046763545,25.0,0.0,0
36.7,0,129.2699999999997,-0.5755620480318481,0.006212849861486495,0.0,-3.0,0
36.7,1,980.0,-0.36846748910729366,0.0018429290895699574,25.0,0.0,0
36.800000000000004,0,129.2699999999997,-0.5755620480318481,0.006212849861486495,0.0,-3.0,0
36.800000000000004,1,982.5,-0.36415744618810086,0.0016141081771104003,25.0,0.0,0
36.9,0,129.2699999999997,-0.5755620480318481,0.006212849861486495,0.0,-3.0,0
36.9,1,985.0,-0.3603973145676109,0.0013846897205402051,25.0,0.0,0
37.0,0,129.2699999999997,-0.5755620480318481,0.006212849861486495,0.0,-3.0,0
37.0,1,987.5,-0.3572344202263955,0.0011547159389994734,25.0,0.0,0
37.1,0,129.2699999999997,-0.5755620480318481,0.006212849861486495,0.0,-3.0,0
37.1,1,990.0,-0.3546239994003082,0.0009243146792649294,25.0,0.0,0
37.2,0,129.2699999999997,-0.5755620480318481,0.006212849861486495,0.0,-3.0,0
37.2,1,992.5,-0.3526131305908927,0.0006935427253098846,25.0,0.0,0
37.300000000000004,0,129.2699999999997,-0.5755620480318481,0.006212849861486495,0.0,-3.0,0
37.300000000000004,1,995.0,-0.35115644563891535,0.0004625140198408349,25.0,0.0,0
37.4,0,129.2699999999997,-0.5755620480318481,0.006212849861486495,0.0,-3.0,0
37.4,1,997.5,-0.35030070297525395,0.0002312998238996542,25.0,0.0,0
37.5,0,129.2699999999997,-0.5755620480318481,0.006212849861486495,0.0,-3.0,0
37.5,1,1000.0,-0.3500000000000001,0.0,25.0,0.0,0
37.6,0,129.2699999999997,-0.5755620480318481,0.006212849861486495,0.0,-3.0,0
37.6,1,1002.5,-0.35030070297525395,-0.0002312998238996542,25.0,0.0,0
37.7,0,129.2699999999997,-0.5755620480318481,0.006212849861486495,0.0,-3.0,0
37.7,1,1005.0,-0.35115644563891535,-0.0004625140198409459,25.0,0.0,0
37.800000000000004,0,129.2699999999997,-0.5755620480318481,0.006212849861486495,0.0,-3.0,0
37.800000000000004,1,1007.5,-0.35261313059089294,-0.0006935427253098291,25.0,0.0,0
37.9,0,129.2699999999997,-0.5755620480318481,0.006212849861486495,0.0,-3.0,0
37.9,1,1010.0,-0.354623999400308,-0.0009243146792647074,25.0,0.0,0
38.0,0,129.2699999999997,-0.5755620480318481,0.006212849861486495,0.0,-3.0,0
38.0,1,1012.5,-0.3572344202263953,-0.0011547159389994179,25.0,0.0,0
38.1,0,129.2699999999997,-0.5755620480318481,0.006212849861486495,0.0,-3.0,0
38.1,1,1015.0,-0.3603973145676109,-0.0013846897205403161,25.0,0.0,0
38.2,0,129.2699999999997,-0.5755620480318481,0.006212849861486495,0.0,-3.0,0
38.2,1,1017.5,-0.36415744618810075,-0.0016141081771104003,25.0,0.0,0
38.300000000000004,0,129.2699999999997,-0.5755620480318481,0.006212849861486495,0.0,-3.0,0
38.300000000000004,1,1020.0,-0.36846748910729366,-0.0018429290895700685,25.0,0.0,0
38.400000000000006,0,129.2699999999997,-0.5755620480318481,0.006212849861486495,0.0,-3.0,0
38.400000000000006,1,1022.5,-0.3733715336717677,-0.0020710109046765766,25.0,0.0,0
38.5,0,129.2699999999997,-0.5755620480318481,0.006212849861486495,0.0,-3.0,0
38.5,1,1025.0,-0.378822079395154,-0.002298326033365491,25.0,0.0,0
38.6,0,129.2699999999997,-0.5755620480318481,0.006212849861486495,0.0,-3.0,0
38.6,1,1027.5,-0.3848624752223463,-0.002524719434703276,25.0,0.0,0
38.7,0,129.2699999999997,-0.5755620480318481,0.006212849861486495,0.0,-3.0,0
38.7,1,1030.0,-0.3914451194034847,-0.002750178192320043,25.0,0.0,0
38.800000000000004,0,129.2699999999997,-0.5755620480318481,0.006212849861486495,0.0,-3.0,0
38.800000000000004,1,1032.5,-0.3986125526408457,-0.0029745340171878874,25.0,0.0,0
38.900000000000006,0,129.2699999999997,-0.5755620480318481,0.006212849861486495,0.0,-3.0,0
38.900000000000006,1,1035.0,-0.40631714531952867,-0.003197788685558001,25.0,0.0,0
39.0,0,129.2699999999997,-0.5755620480318481,0.006212849861486495,0.0,-3.0,0
39.0,1,1037.5,-0.4146005643045132,-0.003419760920359413,25.0,0.0,0
39.1,0,129.2699999999997,-0.5755620480318481,0.006212849861486495,0.0,-3.0,0
39.1,1,1040.0,-0.4234152255572694,-0.0036404671876653512,25.0,0.0,0
39.2,0,129.2699999999997,-0.5755620480318481,0.006212849861486495,0.0,-3.0,0
39.2,1,1042.5,-0.4328018578581957,-0.003859713502447753,25.0,0.0,0
39.300000000000004,0,129.2699999999997,-0.5755620480318481,0.006212849861486495,0.0,-3.0,0
39.300000000000004,1,1045.0,-0.4427129961162737,-0.004077530995089666,25.0,0.0,0
39.400000000000006,0,129.2699999999997,-0.5755620480318481,0.006212849861486495,0.0,-3.0,0
39.400000000000006,1,1047.5,-0.45318836822649056,-0.004293713272295996,25.0,0.0,0
39.5,0,129.2699999999997,-0.5755620480318481,0.006212849861486495,0.0,-3.0,0
39.5,1,1050.0,-0.4641807012330701,-0.004508306080563496,25.0,0.0,0
39.6,0,129.2699999999997,-0.5755620480318481,0.006212849861486495,0.0,-3.0,0
39.6,1,1052.5,-0.4757286608880543,-0.004721090937152168,25.0,0.0,0
39.7,0,129.2699999999997,-0.5755620480318481,0.006212849861486495,0.0,-3.0,0
39.7,1,1055.0,-0.4877852392623774,-0.004932128133881643,25.0,0.0,0
39.800000000000004,0,129.2699999999997,-0.5755620480318481,0.006212849861486495,0.0,-3.0,0
39.800000000000004,1,1057.5,-0.5003879803453539,-0.005141187436012322,25.0,0.0,0
39.900000000000006,0,129.2699999999997,-0.5755620480318481,0.006212849861486495,0.0,-3.0,0
39.900000000000006,1,1060.0,-0.5134902137174486,-0.005348343587410164,25.0,0.0,0
40.0,0,129.2699999999997,-0.5755620480318481,0.006212849861486495,0.0,-3.0,0
40.0,1,1062.5,-0.5271283037151311,-0.00555335495689111,25.0,0.0,0
40.1,0,129.2699999999997,-0.5755620480318481,0.006212849861486495,0.0,-3.0,0
40.1,1,1065.0,-0.5412559893908035,-0.005756310624745334,25.0,0.0,0
40.2,0,129.2699999999997,-0.5755620480318481,0.006212849861486495,0.0,-3.0,0
40.2,1,1067.5,-0.555908399356926,-0.005956957936443009,25.0,0.0,0
40.300000000000004,0,129.2699999999997,-0.5755620480318481,0.006212849861486495,0.0,-3.0,0
40.300000000000004,1,1070.0,-0.5710397534688625,-0.006155400170929106,25.0,0.0,0
40.400000000000006,0,129.2699999999997,-0.5755620480318481,0.006212849861486495,0.0,-3.0,0
40.400000000000006,1,1072.5,-0.5866838904492819,-0.006351374040386294,25.0,0.0,0
40.5,0,129.2699999999997,-0.5755620480318481,0.006212849861486495,0.0,-3.0,0
40.5,1,1075.0,-0.6027955815461818,-0.006544996862704307,25.0,0.0,0
40.6,0,129.2699999999997,-0.5755620480318481,0.006212849861486495,0.0,-3.0,0
40.6,1,1077.5,-0.6194073234155872,-0.00673599512320153,25.0,0.0,0
40.7,0,129.2699999999997,-0.5755620480318481,0.006212849861486495,0.0,-3.0,0
40.7,1,1080.0,-0.6364745084375785,-0.006924499997312986,25.0,0.0,0
40.800000000000004,0,129.2699999999997,-0.5755620480318481,0.006212849861486495,0.0,-3.0,0
40.800000000000004,1,1082.5,-0.6540282410940492,-0.0071102281656313365,25.0,0.0,0
40.900000000000006,0,129.2699999999997,-0.5755620480318481,0.006212849861486495,0.0,-3.0,0
40.900000000000006,1,1085.0,-0.6720246036788824,-0.007293324458350352,25.0,0.0,0
41.0,0,129.2699999999997,-0.5755620480318481,0.006212849861486495,0.0,-3.0,0
41.0,1,1087.5,-0.6904932605389822,-0.00747349618854398,25.0,0.0,0
41.1,0,129.2699999999997,-0.5755620480318481,0.006212849861486495,0.0,-3.0,0
41.1,1,1090.0,-0.7093910515999537,-0.007650901617286242,25.0,0.0,0
41.2,0,129.2699999999997,-0.5755620480318481,0.006212849861486495,0.0,-3.0,0
41.2,1,1092.5,-0.728746155333439,-0.007825239141735467,25.0,0.0,0
41.300000000000004,0,129.2699999999997,-0.5755620480318481,0.006212849861486495,0.0,-3.0,0
41.300000000000004,1,1095.0,-0.7485162358464703,-0.007996680209250566,25.0,0.0,0
41.400000000000006,0,129.2699999999997,-0.5755620480318481,0.006212849861486495,0.0,-3.0,0
41.400000000000006,1,1097.5,-0.768727942286271,-0.00816491476634942,25.0,0.0,0
41.5,0,129.2699999999997,-0.5755620480318481,0.006212849861486495,0.0,-3.0,0
41.5,1,1100.0,-0.7893398282201793,-0.008330127181742806,25.0,0.0,0
41.6,0,129.2699999999997,-0.5755620480318481,0.006212849861486495,0.0,-3.0,0
41.6,1,1102.5,-0.8103769723799362,-0.008491999429562094,25.0,0.0,0
41.7,0,129.2699999999997,-0.5755620480318481,0.006212849861486495,0.0,-3.0,0
41.7,1,1105.0,-0.8317988817005864,-0.008650728515004022,25.0,0.0,0
41.800000000000004,0,129.2699999999997,-0.5755620480318481,0.006212849861486495,0.0,-3.0,0
41.800000000000004,1,1107.5,-0.8536290258288115,-0.008805988930289672,25.0,0.0,0
41.900000000000006,0,129.2699999999997,-0.5755620480318481,0.006212849861486495,0.0,-3.0,0
41.900000000000006,1,1110.0,-0.8758279275047258,-0.008957990012770395,25.0,0.0,0
42.0,0,129.2699999999997,-0.5755620480318481,0.006212849861486495,0.0,-3.0,0
42.0,1,1112.5,-0.8984174111014489,-0.00910639927469611,25.0,0.0,0
42.1,0,129.2699999999997,-0.5755620480318481,0.006212849861486495,0.0,-3.0,0
42.1,1,1115.0,-0.9213590760352486,-0.009251438062237789,25.0,0.0,0
42.2,0,129.2699999999997,-0.5755620480318481,0.006212849861486495,0.0,-3.0,0
42.2,1,1117.5,-0.9446730677540869,-0.009392767420320462,25.0,0.0,0
42.300000000000004,0,129.2699999999997,-0.5755620480318481,0.006212849861486495,0.0,-3.0,0
42.300000000000004,1,1120.0,-0.9683221215612903,-0.009530620362100435,25.0,0.0,0
42.400000000000006,0,129.2699999999997,-0.5755620480318481,0.006212849861486495,0.0,-3.0,0
42.400000000000006,1,1122.5,-0.9923246729168431,-0.009664651987717796,25.0,0.0,0
42.5,0,129.2699999999997,-0.5755620480318481,0.006212849861486495,0.0,-3.0,0
42.5,1,1125.0,-1.0166446504705968,-0.009795106617536178,25.0,0.0,0
42.6,0,129.2699999999997,-0.5755620480318481,0.006212849861486495,0.0,-3.0,0
42.6,1,1127.5,-1.0412987512684126,-0.00992163393855294,25.0,0.0,0
42.7,0,129.2699999999997,-0.5755620480318481,0.006212849861486495,0.0,-3.0,0
42.7,1,1130.0,-1.0662521529260771,-0.010044489201147946,25.0,0.0,0
42.800000000000004,0,129.2699999999997,-0.5755620480318481,0.006212849861486495,0.0,-3.0,0
42.800000000000004,1,1132.5,-1.0915197883296925,-0.010163317219111699,25.0,0.0,0
42.900000000000006,0,129.2699999999997,-0.5755620480318481,0.006212849861486495,0.0,-3.0,0
42.900000000000006,1,1135.0,-1.117068137754566,-0.010278383778845702,25.0,0.0,0
43.0,0,129.2699999999997,-0.5755620480318481,0.006212849861486495,0.0,-3.0,0
43.0,1,1137.5,-1.1429103469016235,-0.0103893293683067,25.0,0.0,0
43.1,0,129.2699999999997,-0.5755620480318481,0.006212849861486495,0.0,-3.0,0
43.1,1,1140.0,-1.1690142503906806,-0.010496429899737281,25.0,0.0,0
43.2,0,129.2699999999997,-0.5755620480318481,0.006212849861486495,0.0,-3.0,0
43.2,1,1142.5,-1.1953911864677529,-0.010599322089255212,25.0,0.0,0
43.300000000000004,0,129.2699999999997,-0.5755620480318481,0.006212849861486495,0.0,-3.0,0
43.300000000000004,1,1145.0,-1.2220103936938567,-0.010698291549188178,25.0,0.0,0
43.400000000000006,0,129.2699999999997,-0.5755620480318481,0.006212849861486495,0.0,-3.0,0
43.400000000000006,1,1147.5,-1.2488813853773557,-0.01079297178358168,25.0,0.0,0
43.5,0,129.2699999999997,-0.5755620480318481,0.006212849861486495,0.0,-3.0,0
43.5,1,1150.0,-1.2759748514523643,-0.010883657664206766,25.0,0.0,0
43.6,0,129.2699999999997,-0.5755620480318481,0.006212849861486495,0.0,-3.0,0
43.6,1,1152.5,-1.3032984656207591,-0.010969980047689945,25.0,0.0,0
43.7,0,129.2699999999997,-0.5755620480318481,0.006212849861486495,0.0,-3.0,0
43.7,1,1155.0,-1.3308244143837598,-0.011052242610392005,25.0,0.0,0
43.800000000000004,0,129.2699999999997,-0.5755620480318481,0.006212849861486495,0.0,-3.0,0
43.800000000000004,1,1157.5,-1.358558520004459,-0.011130074130234598,25.0,0.0,0
43.900000000000006,0,129.2699999999997,-0.5755620480318481,0.006212849861486495,0.0,-3.0,0
43.900000000000006,1,1160.0,-1.3864745084375785,-0.011203786619790776,25.0,0.0,0
44.0,0,129.2699999999997,-0.5755620480318481,0.006212849861486495,0.0,-3.0,0
44.0,1,1162.5,-1.4145763415299228,-0.011273007350154636,25.0,0.0,0
44.1,0,129.2699999999997,-0.5755620480318481,0.006212849861486495,0.0,-3.0,0
44.1,1,1165.0,-1.4428393252023883,-0.011338056188964003,25.0,0.0,0
44.2,0,129.2699999999997,-0.5755620480318481,0.006212849861486495,0.0,-3.0,0
44.2,1,1167.5,-1.4712655547766103,-0.011398559474652984,25.0,0.0,0
44.300000000000004,0,129.2699999999997,-0.5755620480318481,0.006212849861486495,0.0,-3.0,0
44.300000000000004,1,1170.0,-1.499831954216142,-0.011454844436725209,25.0,0.0,0
44.400000000000006,0,129.2699999999997,-0.5755620480318481,0.006212849861486495,0.0,-3.0,0
44.400000000000006,1,1172.5,-1.528538749086613,-0.011506537056558713,25.0,0.0,0
44.5,0,129.2699999999997,-0.5755620480318481,0.006212849861486495,0.0,-3.0,0
44.5,1,1175.0,-1.5573645169758055,-0.01155397142103196,25.0,0.0,0
44.6,0,129.2699999999997,-0.5755620480318481,0.006212849861486495,0.0,-3.0,0
44.6,1,1177.5,-1.5863076133455478,-0.011596773730596317,25.0,0.0,0
44.7,0,129.2699999999997,-0.5755620480318481,0.006212849861486495,0.0,-3.0,0
44.7,1,1180.0,-1.6153483024396547,-0.01163528441452693,25.0,0.0,0
44.800000000000004,0,129.2699999999997,-0.5755620480318481,0.006212849861486495,0.0,-3.0,0
44.800000000000004,1,1182.5,-1.6444830721518984,-0.011669130468140328,25.0,0.0,0
44.900000000000006,0,129.2699999999997,-0.5755620480318481,0.006212849861486495,0.0,-3.0,0
44.900000000000006,1,1185.0,-1.6736939038132421,-0.011698658138392373,25.0,0.0,0
45.0,0,129.2699999999997,-0.5755620480318481,0.006212849861486495,0.0,-3.0,0
45.0,1,1187.5,-1.7029754231648266,-0.011723495790049478,25.0,0.0,0
45.1,0,129.2699999999997,-0.5755620480318481,0.006212849861486495,0.0,-3.0,0
45.1,1,1190.0,-1.7323113564082315,-0.011743994954136387,25.0,0.0,0
45.2,0,129.2699999999997,-0.5755620480318481,0.006212849861486495,0.0,-3.0,0
45.2,1,1192.5,-1.7616944754186799,-0.011759785937331851,25.0,0.0,0
45.300000000000004,0,129.2699999999997,-0.5755620480318481,0.006212849861486495,0.0,-3.0,0
45.300000000000004,1,1195.0,-1.7911102763613962,-0.011771225013034755,25.0,0.0,0
45.400000000000006,0,129.2699999999997,-0.5755620480318481,0.006212849861486495,0.0,-3.0,0
45.400000000000006,1,1197.5,-1.8205496883909262,-0.011777944999340909,25.0,0.0,0
45.5,0,129.2699999999997,-0.5755620480318481,0.006212849861486495,0.0,-3.0,0
45.5,1,1200.0,-1.8499999999999996,-0.011780306363050877,25.0,0.0,0
45.6,0,129.2699999999997,-0.5755620480318481,0.006212849861486495,0.0,-3.0,0
45.6,1,1202.5,-1.8794503116090728,-0.011777944999339578,25.0,0.0,0
45.7,0,129.2699999999997,-0.5755620480318481,0.006212849861486495,0.0,-3.0,0
45.7,1,1205.0,-1.9088897236386029,-0.011771225013034752,25.0,0.0,0
45.800000000000004,0,129.2699999999997,-0.5755620480318481,0.006212849861486495,0.0,-3.0,0
45.800000000000004,1,1207.5,-1.938305524581318,-0.011759785937332531,25.0,0.0,0
45.900000000000006,0,129.2699999999997,-0.5755620480318481,0.006212849861486495,0.0,-3.0,0
45.900000000000006,1,1210.0,-1.9676886435917675,-0.011743994954135068,25.0,0.0,0
46.0,0,129.2699999999997,-0.5755620480318481,0.006212849861486495,0.0,-3.0,0
46.0,1,1212.5,-1.9970245768351722,-0.011723495790050144,25.0,0.0,0
46.1,0,129.2699999999997,-0.5755620480318481,0.006212849861486495,0.0,-3.0,0
46.1,1,1215.0,-2.0263060961867545,-0.011698658138392373,25.0,0.0,0
46.2,0,129.2699999999997,-0.5755620480318481,0.006212849861486495,0.0,-3.0,0
46.2,1,1217.5,-2.0555169278481005,-0.011669130468140328,25.0,0.0,0
46.300000000000004,0,129.2699999999997,-0.5755620480318481,0.006212849861486495,0.0,-3.0,0
46.300000000000004,1,1220.0,-2.0846516975603473,-0.011635284414525611,25.0,0.0,0
46.400000000000006,0,129.2699999999997,-0.5755620480318481,0.006212849861486495,0.0,-3.0,0
46.400000000000006,1,1222.5,-2.1136923866544515,-0.011596773730597615,25.0,0.0,0
46.5,0,129.2699999999997,-0.5755620480318481,0.006212849861486495,0.0,-3.0,0
46.5,1,1225.0,-2.142635483024191,-0.011553971421030684,25.0,0.0,0
46.6,0,129.2699999999997,-0.5755620480318481,0.006212849861486495,0.0,-3.0,0
46.6,1,1227.5,-2.1714612509133864,-0.011506537056558061,25.0,0.0,0
46.7,0,129.2699999999997,-0.5755620480318481,0.006212849861486495,0.0,-3.0,0
46.7,1,1230.0,-2.2001680457838573,-0.011454844436726513,25.0,0.0,0
46.800000000000004,0,129.2699999999997,-0.5755620480318481,0.006212849861486495,0.0,-3.0,0
46.800000000000004,1,1232.5,-2.2287344452233877,-0.01139855947465236,25.0,0.0,0
46.900000000000006,0,129.2699999999997,-0.5755620480318481,0.006212849861486495,0.0,-3.0,0
46.900000000000006,1,1235.0,-2.2571606747976105,-0.011338056188963976,25.0,0.0,0
47.0,0,129.2699999999997,-0.5755620480318481,0.006212849861486495,0.0,-3.0,0
47.0,1,1237.5,-2.2854236584700773,-0.011273007350154622,25.0,0.0,0
47.1,0,129.2699999999997,-0.5755620480318481,0.006212849861486495,0.0,-3.0,0
47.1,1,1240.0,-2.313525491562421,-0.011203786619792025,25.0,0.0,0
47.2,0,129.2699999999997,-0.5755620480318481,0.006212849861486495,0.0,-3.0,0
47.2,1,1242.5,-2.34144147999554,-0.011130074130233363,25.0,0.0,0
47.300000000000004,0,129.2699999999997,-0.5755620480318481,0.006212849861486495,0.0,-3.0,0
47.300000000000004,1,1245.0,-2.3691755856162393,-0.011052242610393281,25.0,0.0,0
47.400000000000006,0,129.2699999999997,-0.5755620480318481,0.006212849861486495,0.0,-3.0,0
47.400000000000006,1,1247.5,-2.396701534379239,-0.010969980047689945,25.0,0.0,0
47.5,0,129.2699999999997,-0.5755620480318481,0.006212849861486495,0.0,-3.0,0
47.5,1,1250.0,-2.424025148547635,-0.0108836576642056,25.0,0.0,0
47.6,0,129.2699999999997,-0.5755620480318481,0.006212849861486495,0.0,-3.0,0
47.6,1,1252.5,-2.451118614622643,-0.010792971783582291,25.0,0.0,0
47.7,0,129.2699999999997,-0.5755620480318481,0.006212849861486495,0.0,-3.0,0
47.7,1,1255.0,-2.4779896063061426,-0.010698291549188289,25.0,0.0,0
47.800000000000004,0,129.2699999999997,-0.5755620480318481,0.006212849861486495,0.0,-3.0,0
47.800000000000004,1,1257.5,-2.504608813532246,-0.010599322089255129,25.0,0.0,0
47.900000000000006,0,129.2699999999997,-0.5755620480318481,0.006212849861486495,0.0,-3.0,0
47.900000000000006,1,1260.0,-2.5309857496093207,-0.010496429899736115,25.0,0.0,0
48.0,0,129.2699999999997,-0.5755620480318481,0.006212849861486495,0.0,-3.0,0
48.0,1,1262.5,-2.5570896530983758,-0.010389329368307922,25.0,0.0,0
48.1,0,129.2699999999997,-0.5755620480318481,0.006212849861486495,0.0,-3.0,0
48.1,1,1265.0,-2.582931862245431,-0.010278383778844592,25.0,0.0,0
48.2,0,129.2699999999997,-0.5755620480318481,0.006212849861486495,0.0,-3.0,0
48.2,1,1267.5,-2.608480211670308,-0.010163317219111727,25.0,0.0,0
48.300000000000004,0,129.2699999999997,-0.5755620480318481,0.006212849861486495,0.0,-3.0,0
48.300000000000004,1,1270.0,-2.633747847073922,-0.010044489201149111,25.0,0.0,0
48.400000000000006,0,129.2699999999997,-0.5755620480318481,0.006212849861486495,0.0,-3.0,0
48.400000000000006,1,1272.5,-2.658701248731587,-0.009921633938552912,25.0,0.0,0
48.5,0,129.2699999999997,-0.5755620480318481,0.006212849861486495,0.0,-3.0,0
48.5,1,1275.0,-2.6833553495294025,-0.009795106617536178,25.0,0.0,0
48.6,0,129.2699999999997,-0.5755620480318481,0.006212849861486495,0.0,-3.0,0
48.6,1,1277.5,-2.707675327083156,-0.009664651987717796,25.0,0.0,0
48.7,0,129.2699999999997,-0.5755620480318481,0.006212849861486495,0.0,-3.0,0
48.7,1,1280.0,-2.7316778784387092,-0.009530620362100435,25.0,0.0,0
48.800000000000004,0,129.2699999999997,-0.5755620480318481,0.006212849861486495,0.0,-3.0,0
48.800000000000004,1,1282.5,-2.7553269322459126,-0.009392767420319463,25.0,0.0,0
48.900000000000006,0,129.2699999999997,-0.5755620480318481,0.006212849861486495,0.0,-3.0,0
48.900000000000006,1,1285.0,-2.778640923964751,-0.009251438062238788,25.0,0.0,0
49.0,0,129.2699999999997,-0.5755620480318481,0.006212849861486495,0.0,-3.0,0
49.0,1,1287.5,-2.8015825888985493,-0.009106399274696138,25.0,0.0,0
49.1,0,129.2699999999997,-0.5755620480318481,0.006212849861486495,0.0,-3.0,0
49.1,1,1290.0,-2.8241720724952755,-0.008957990012770395,25.0,0.0,0
49.2,0,129.2699999999997,-0.5755620480318481,0.006212849861486495,0.0,-3.0,0
49.2,1,1292.5,-2.8463709741711876,-0.0088059889302897,25.0,0.0,0
49.300000000000004,0,129.2699999999997,-0.5755620480318481,0.006212849861486495,0.0,-3.0,0
49.300000000000004,1,1295.0,-2.868201118299413,-0.008650728515004022,25.0,0.0,0
49.400000000000006,0,129.2699999999997,-0.5755620480318481,0.006212849861486495,0.0,-3.0,0
49.400000000000006,1,1297.5,-2.889623027620063,-0.008491999429562039,25.0,0.0,0
49.5,0,129.2699999999997,-0.5755620480318481,0.006212849861486495,0.0,-3.0,0
49.5,1,1300.0,-2.91066017177982,-0.008330127181742806,25.0,0.0,0
49.6,0,129.2699999999997,-0.5755620480318481,0.006212849861486495,0.0,-3.0,0
49.6,1,1302.5,-2.931272057713729,-0.008164914766349476,25.0,0.0,0
49.7,0,129.2699999999997,-0.5755620480318481,0.006212849861486495,0.0,-3.0,0
49.7,1,1305.0,-2.9514837641535276,-0.007996680209251676,25.0,0.0,0
49.800000000000004,0,129.2699999999997,-0.5755620480318481,0.006212849861486495,0.0,-3.0,0
49.800000000000004,1,1307.5,-2.9712538446665615,-0.007825239141734967,25.0,0.0,0
49.900000000000006,0,129.2699999999997,-0.5755620480318481,0.006212849861486495,0.0,-3.0,0
49.900000000000006,1,1310.0,-2.9906089484000455,-0.00765090161728724,25.0,0.0,0
50.0,0,129.2699999999997,-0.5755620480318481,0.006212849861486495,0.0,-3.0,0
50.0,1,1312.5,-3.0095067394610178,-0.0074734961885443135,25.0,0.0,0
50.1,0,129.2699999999997,-0.5755620480318481,0.006212849861486495,0.0,-3.0,0
50.1,1,1315.0,-3.027975396321117,-0.007293324458349464,25.0,0.0,0
50.2,0,129.2699999999997,-0.5755620480318481,0.006212849861486495,0.0,-3.0,0
50.2,1,1317.5,-3.0459717589059503,-0.0071102281656314475,25.0,0.0,0
50.300000000000004,0,129.2699999999997,-0.5755620480318481,0.006212849861486495,0.0,-3.0,0
50.300000000000004,1,1320.0,-3.0635254915624195,-0.006924499997312986,25.0,0.0,0
50.400000000000006,0,129.2699999999997,-0.5755620480318481,0.006212849861486495,0.0,-3.0,0
50.400000000000006,1,1322.5,-3.0805926765844127,-0.006735995123200753,25.0,0.0,0
50.5,0,129.2699999999997,-0.5755620480318481,0.006212849861486495,0.0,-3.0,0
50.5,1,1325.0,-3.097204418453818,-0.006544996862704418,25.0,0.0,0
50.6,0,129.2699999999997,-0.5755620480318481,0.006212849861486495,0.0,-3.0,0
50.6,1,1327.5,-3.1133161095507185,-0.006351374040386572,25.0,0.0,0
50.7,0,129.2699999999997,-0.5755620480318481,0.006212849861486495,0.0,-3.0,0
50.7,1,1330.0,-3.1289602465311384,-0.00615540017092844,25.0,0.0,0
50.800000000000004,0,129.2699999999997,-0.5755620480318481,0.006212849861486495,0.0,-3.0,0
50.800000000000004,1,1332.5,-3.1440916006430735,-0.005956957936442953,25.0,0.0,0
50.900000000000006,0,129.2699999999997,-0.5755620480318481,0.006212849861486495,0.0,-3.0,0
50.900000000000006,1,1335.0,-3.1587440106091957,-0.0057563106247467775,25.0,0.0,0
51.0,0,129.2699999999997,-0.5755620480318481,0.006212849861486495,0.0,-3.0,0
51.0,1,1337.5,-3.1728716962848686,-0.005553354956890721,25.0,0.0,0
51.1,0,129.2699999999997,-0.5755620480318481,0.006212849861486495,0.0,-3.0,0
51.1,1,1340.0,-3.1865097862825507,-0.005348343587410275,25.0,0.0,0
51.2,0,129.2699999999997,-0.5755620480318481,0.006212849861486495,0.0,-3.0,0
51.2,1,1342.5,-3.199612019654645,-0.0051411874360128215,25.0,0.0,0
51.300000000000004,0,129.2699999999997,-0.5755620480318481,0.006212849861486495,0.0,-3.0,0
51.300000000000004,1,1345.0,-3.2122147607376212,-0.004932128133881199,25.0,0.0,0
51.400000000000006,0,129.2699999999997,-0.5755620480318481,0.006212849861486495,0.0,-3.0,0
51.400000000000006,1,1347.5,-3.2242713391119455,-0.004721090937152057,25.0,0.0,0
51.5,0,129.2699999999997,-0.5755620480318481,0.006212849861486495,0.0,-3.0,0
51.5,1,1350.0,-3.2358192987669305,-0.004508306080563607,25.0,0.0,0
51.6,0,129.2699999999997,-0.5755620480318481,0.006212849861486495,0.0,-3.0,0
51.6,1,1352.5,-3.2468116317735087,-0.004293713272295607,25.0,0.0,0
51.7,0,129.2699999999997,-0.5755620480318481,0.006212849861486495,0.0,-3.0,0
51.7,1,1355.0,-3.257287003883726,-0.004077530995089333,25.0,0.0,0
51.800000000000004,0,129.2699999999997,-0.5755620480318481,0.006212849861486495,0.0,-3.0,0
51.800000000000004,1,1357.5,-3.2671981421418046,-0.0038597135024483076,25.0,0.0,0
51.900000000000006,0,129.2699999999997,-0.5755620480318481,0.006212849861486495,0.0,-3.0,0
51.900000000000006,1,1360.0,-3.27658477444273,-0.003640467187665129,25.0,0.0,0
52.0,0,129.2699999999997,-0.5755620480318481,0.006212849861486495,0.0,-3.0,0
52.0,1,1362.5,-3.285399435695487,-0.003419760920359524,25.0,0.0,0
52.1,0,129.2699999999997,-0.5755620480318481,0.006212849861486495,0.0,-3.0,0
52.1,1,1365.0,-3.2936828546804713,-0.003197788685558778,25.0,0.0,0
52.2,0,129.2699999999997,-0.5755620480318481,0.006212849861486495,0.0,-3.0,0
52.2,1,1367.5,-3.3013874473591533,-0.002974534017187832,25.0,0.0,0
52.300000000000004,0,129.2699999999997,-0.5755620480318481,0.006212849861486495,0.0,-3.0,0
52.300000000000004,1,1370.0,-3.308554880596515,-0.002750178192319932,25.0,0.0,0
52.400000000000006,0,129.2699999999997,-0.5755620480318481,0.006212849861486495,0.0,-3.0,0
52.400000000000006,1,1372.5,-3.315137524777654,-0.002524719434703165,25.0,0.0,0
52.5,0,129.2699999999997,-0.5755620480318481,0.006212849861486495,0.0,-3.0,0
52.5,1,1375.0,-3.3211779206048453,-0.0022983260333656022,25.0,0.0,0
52.6,0,129.2699999999997,-0.5755620480318481,0.006212849861486495,0.0,-3.0,0
52.6,1,1377.5,-3.3266284663282324,-0.0020710109046763545,25.0,0.0,0
52.7,0,129.2699999999997,-0.5755620480318481,0.006212849861486495,0.0,-3.0,0
52.7,1,1380.0,-3.331532510892707,-0.0018429290895699574,25.0,0.0,0
52.800000000000004,0,129.2699999999997,-0.5755620480318481,0.006212849861486495,0.0,-3.0,0
52.800000000000004,1,1382.5,-3.335842553811899,-0.0016141081771105113,25.0,0.0,0
52.900000000000006,0,129.2699999999997,-0.5755620480318481,0.006212849861486495,0.0,-3.0,0
52.900000000000006,1,1385.0,-3.3396026854323893,-0.0013846897205403161,25.0,0.0,0
53.0,0,129.2699999999997,-0.5755620480318481,0.006212849861486495,0.0,-3.0,0
53.0,1,1387.5,-3.342765579773605,-0.0011547159389994179,25.0,0.0,0
53.1,0,129.2699999999997,-0.5755620480318481,0.006212849861486495,0.0,-3.0,0
53.1,1,1390.0,-3.3453760005996918,-0.0009243146792648184,25.0,0.0,0
53.2,0,129.2699999999997,-0.5755620480318481,0.006212849861486495,0.0,-3.0,0
53.2,1,1392.5,-3.347386869409107,-0.0006935427253098291,25.0,0.0,0
53.300000000000004,0,129.2699999999997,-0.5755620480318481,0.006212849861486495,0.0,-3.0,0
53.300000000000004,1,1395.0,-3.3488435543610846,-0.0004625140198409459,25.0,0.0,0
53.400000000000006,0,129.2699999999997,-0.5755620480318481,0.006212849861486495,0.0,-3.0,0
53.400000000000006,1,1397.5,-3.3496992970247463,-0.0002312998238995987,25.0,0.0,0
53.5,0,129.2699999999997,-0.5755620480318481,0.006212849861486495,0.0,-3.0,0
53.5,1,1400.0,-3.3499999999999996,0.0,25.0,0.0,0
53.6,0,129.2699999999997,-0.5755620480318481,0.006212849861486495,0.0,-3.0,0
53.6,1,1402.5,-3.3496992970247463,0.00023129982389954318,25.0,0.0,0
53.7,0,129.2699999999997,-0.5755620480318481,0.006212849861486495,0.0,-3.0,0
53.7,1,1405.0,-3.3488435543610846,0.0004625140198409459,25.0,0.0,0
53.800000000000004,0,129.2699999999997,-0.5755620480318481,0.006212849861486495,0.0,-3.0,0
53.800000000000004,1,1407.5,-3.347386869409107,0.0006935427253098291,25.0,0.0,0
53.900000000000006,0,129.2699999999997,-0.5755620480318481,0.006212849861486495,0.0,-3.0,0
53.900000000000006,1,1410.0,-3.3453760005996918,0.0009243146792647074,25.0,0.0,0
54.0,0,129.2699999999997,-0.5755620480318481,0.006212849861486495,0.0,-3.0,0
54.0,1,1412.5,-3.342765579773605,0.0011547159389994734,25.0,0.0,0
54.1,0,129.2699999999997,-0.5755620480318481,0.006212849861486495,0.0,-3.0,0
54.1,1,1415.0,-3.3396026854323893,0.0013846897205404272,25.0,0.0,0
54.2,0,129.2699999999997,-0.5755620480318481,0.006212849861486495,0.0,-3.0,0
54.2,1,1417.5,-3.335842553811899,0.0016141081771104003,25.0,0.0,0
54.300000000000004,0,129.2699999999997,-0.5755620480318481,0.006212849861486495,0.0,-3.0,0
54.300000000000004,1,1420.0,-3.331532510892707,0.0018429290895702905,25.0,0.0,0
54.400000000000006,0,129.2699999999997,-0.5755620480318481,0.006212849861486495,0.0,-3.0,0
54.400000000000006,1,1422.5,-3.3266284663282324,0.0020710109046764655,25.0,0.0,0
54.5,0,129.2699999999997,-0.5755620480318481,0.006212849861486495,0.0,-3.0,0
54.5,1,1425.0,-3.321177920604846,0.002298326033365491,25.0,0.0,0
54.6,0,129.2699999999997,-0.5755620480318481,0.006212849861486495,0.0,-3.0,0
54.6,1,1427.5,-3.315137524777654,0.0025247194347033314,25.0,0.0,0
54.7,0,129.2699999999997,-0.5755620480318481,0.006212849861486495,0.0,-3.0,0
54.7,1,1430.0,-3.308554880596515,0.00275017819231971,25.0,0.0,0
54.800000000000004,0,129.2699999999997,-0.5755620480318481,0.006212849861486495,0.0,-3.0,0
54.800000000000004,1,1432.5,-3.3013874473591542,0.0029745340171876654,25.0,0.0,0
54.900000000000006,0,129.2699999999997,-0.5755620480318481,0.006212849861486495,0.0,-3.0,0
54.900000000000006,1,1435.0,-3.293682854680471,0.003197788685558001,25.0,0.0,0
55.0,0,129.2699999999997,-0.5755620480318481,0.006212849861486495,0.0,-3.0,0
55.0,1,1437.5,-3.2853994356954868,0.003419760920359635,25.0,0.0,0
55.1,0,129.2699999999997,-0.5755620480318481,0.006212849861486495,0.0,-3.0,0
55.1,1,1440.0,-3.276584774442731,0.0036404671876653512,25.0,0.0,0
55.2,0,129.2699999999997,-0.5755620480318481,0.006212849861486495,0.0,-3.0,0
55.2,1,1442.5,-3.2671981421418046,0.0038597135024481966,25.0,0.0,0
55.300000000000004,0,129.2699999999997,-0.5755620480318481,0.006212849861486495,0.0,-3.0,0
55.300000000000004,1,1445.0,-3.2572870038837265,0.004077530995089666,25.0,0.0,0
55.400000000000006,0,129.2699999999997,-0.5755620480318481,0.006212849861486495,0.0,-3.0,0
55.400000000000006,1,1447.5,-3.2468116317735096,0.004293713272295996,25.0,0.0,0
55.5,0,129.2699999999997,-0.5755620480318481,0.006212849861486495,0.0,-3.0,0
55.5,1,1450.0,-3.235819298766931,0.004508306080564051,25.0,0.0,0
55.6,0,129.2699999999997,-0.5755620480318481,0.006212849861486495,0.0,-3.0,0
55.6,1,1452.5,-3.2242713391119455,0.004721090937151891,25.0,0.0,0
55.7,0,129.2699999999997,-0.5755620480318481,0.006212849861486495,0.0,-3.0,0
55.7,1,1455.0,-3.2122147607376226,0.004932128133881088,25.0,0.0,0
55.800000000000004,0,129.2699999999997,-0.5755620480318481,0.006212849861486495,0.0,-3.0,0
55.800000000000004,1,1457.5,-3.199612019654646,0.005141187436012322,25.0,0.0,0
55.900000000000006,0,129.2699999999997,-0.5755620480318481,0.006212849861486495,0.0,-3.0,0
55.900000000000006,1,1460.0,-3.1865097862825515,0.005348343587410164,25.0,0.0,0
56.0,0,129.2699999999997,-0.5755620480318481,0.006212849861486495,0.0,-3.0,0
56.0,1,1462.5,-3.172871696284869,0.005553354956890777,25.0,0.0,0
56.1,0,129.2699999999997,-0.5755620480318481,0.006212849861486495,0.0,-3.0,0
56.1,1,1465.0,-3.1587440106091953,0.005756310624746,25.0,0.0,0
56.2,0,129.2699999999997,-0.5755620480318481,0.006212849861486495,0.0,-3.0,0
56.2,1,1467.5,-3.1440916006430744,0.005956957936443009,25.0,0.0,0
56.300000000000004,0,129.2699999999997,-0.5755620480318481,0.006212849861486495,0.0,-3.0,0
56.300000000000004,1,1470.0,-3.128960246531139,0.006155400170929883,25.0,0.0,0
56.400000000000006,0,129.2699999999997,-0.5755620480318481,0.006212849861486495,0.0,-3.0,0
56.400000000000006,1,1472.5,-3.113316109550718,0.006351374040386572,25.0,0.0,0
56.5,0,129.2699999999997,-0.5755620480318481,0.006212849861486495,0.0,-3.0,0
56.5,1,1475.0,-3.0972044184538188,0.006544996862704418,25.0,0.0,0
56.6,0,129.2699999999997,-0.5755620480318481,0.006212849861486495,0.0,-3.0,0
56.6,1,1477.5,-3.0805926765844136,0.00673599512320153,25.0,0.0,0
56.7,0,129.2699999999997,-0.5755620480318481,0.006212849861486495,0.0,-3.0,0
56.7,1,1480.0,-3.0635254915624217,0.00692449999731232,25.0,0.0,0
56.800000000000004,0,129.2699999999997,-0.5755620480318481,0.006212849861486495,0.0,-3.0,0
56.800000000000004,1,1482.5,-3.045971758905951,0.0071102281656313365,25.0,0.0,0
56.900000000000006,0,129.2699999999997,-0.5755620480318481,0.006212849861486495,0.0,-3.0,0
56.900000000000006,1,1485.0,-3.027975396321118,0.007293324458349575,25.0,0.0,0
57.0,0,129.2699999999997,-0.5755620480318481,0.006212849861486495,0.0,-3.0,0
57.0,1,1487.5,-3.0095067394610178,0.007473496188543536,25.0,0.0,0
57.1,0,129.2699999999997,-0.5755620480318481,0.006212849861486495,0.0,-3.0,0
57.1,1,1490.0,-2.9906089484000464,0.007650901617286131,25.0,0.0,0
57.2,0,129.2699999999997,-0.5755620480318481,0.006212849861486495,0.0,-3.0,0
57.2,1,1492.5,-2.9712538446665615,0.00782523914173641,25.0,0.0,0
57.300000000000004,0,129.2699999999997,-0.5755620480318481,0.006212849861486495,0.0,-3.0,0
57.300000000000004,1,1495.0,-2.9514837641535285,0.007996680209250677,25.0,0.0,0
57.400000000000006,0,129.2699999999997,-0.5755620480318481,0.006212849861486495,0.0,-3.0,0
57.400000000000006,1,1497.5,-2.9312720577137292,0.008164914766348922,25.0,0.0,0
57.5,0,129.2699999999997,-0.5755620480318481,0.006212849861486495,0.0,-3.0,0
57.5,1,1500.0,-2.910660171779823,0.008297416185020084,25.0,0.0,0
57.6,0,129.2699999999997,-0.5755620480318481,0.006212849861486495,0.0,-3.0,0
57.6,1,1500.0,-2.910660171779823,0.008297416185020084,25.0,0.0,0
57.7,0,129.2699999999997,-0.5755620480318481,0.006212849861486495,0.0,-3.0,0
57.7,1,1500.0,-2.910660171779823,0.008297416185020084,25.0,0.0,0
57.800000000000004,0,129.2699999999997,-0.5755620480318481,0.006212849861486495,0.0,-3.0,0
57.800000000000004,1,1500.0,-2.910660171779823,0.008297416185020084,25.0,0.0,0
57.900000000000006,0,129.2699999999997,-0.5755620480318481,0.006212849861486495,0.0,-3.0,0
57.900000000000006,1,1500.0,-2.910660171779823,0.008297416185020084,25.0,0.0,0
58.0,0,129.2699999999997,-0.5755620480318481,0.006212849861486495,0.0,-3.0,0
58.0,1,1500.0,-2.910660171779823,0.008297416185020084,25.0,0.0,0
58.1,0,129.2699999999997,-0.5755620480318481,0.006212849861486495,0.0,-3.0,0
58.1,1,1500.0,-2.910660171779823,0.008297416185020084,25.0,0.0,0
58.2,0,129.2699999999997,-0.5755620480318481,0.006212849861486495,0.0,-3.0,0
58.2,1,1500.0,-2.910660171779823,0.008297416185020084,25.0,0.0,0
58.300000000000004,0,129.2699999999997,-0.5755620480318481,0.006212849861486495,0.0,-3.0,0
58.300000000000004,1,1500.0,-2.910660171779823,0.008297416185020084,25.0,0.0,0
58.400000000000006,0,129.2699999999997,-0.5755620480318481,0.006212849861486495,0.0,-3.0,0
58.400000000000006,1,1500.0,-2.910660171779823,0.008297416185020084,25.0,0.0,0
58.5,0,129.2699999999997,-0.5755620480318481,0.006212849861486495,0.0,-3.0,0
58.5,1,1500.0,-2.910660171779823,0.008297416185020084,25.0,0.0,0
58.6,0,129.2699999999997,-0.5755620480318481,0.006212849861486495,0.0,-3.0,0
58.6,1,1500.0,-2.910660171779823,0.008297416185020084,25.0,0.0,0
58.7,0,129.2699999999997,-0.5755620480318481,0.006212849861486495,0.0,-3.0,0
58.7,1,1500.0,-2.910660171779823,0.008297416185020084,25.0,0.0,0
58.800000000000004,0,129.2699999999997,-0.5755620480318481,0.006212849861486495,0.0,-3.0,0
58.800000000000004,1,1500.0,-2.910660171779823,0.008297416185020084,25.0,0.0,0
58.900000000000006,0,129.2699999999997,-0.5755620480318481,0.006212849861486495,0.0,-3.0,0
58.900000000000006,1,1500.0,-2.910660171779823,0.008297416185020084,25.0,0.0,0
59.0,0,129.2699999999997,-0.5755620480318481,0.006212849861486495,0.0,-3.0,0
59.0,1,1500.0,-2.910660171779823,0.008297416185020084,25.0,0.0,0
59.1,0,129.2699999999997,-0.5755620480318481,0.006212849861486495,0.0,-3.0,0
59.1,1,1500.0,-2.910660171779823,0.008297416185020084,25.0,0.0,0
59.2,0,129.2699999999997,-0.5755620480318481,0.006212849861486495,0.0,-3.0,0
59.2,1,1500.0,-2.910660171779823,0.008297416185020084,25.0,0.0,0
59.300000000000004,0,129.2699999999997,-0.5755620480318481,0.006212849861486495,0.0,-3.0,0
59.300000000000004,1,1500.0,-2.910660171779823,0.008297416185020084,25.0,0.0,0
59.400000000000006,0,129.2699999999997,-0.5755620480318481,0.006212849861486495,0.0,-3.0,0
59.400000000000006,1,1500.0,-2.910660171779823,0.008297416185020084,25.0,0.0,0
59.5,0,129.2699999999997,-0.5755620480318481,0.006212849861486495,0.0,-3.0,0
59.5,1,1500.0,-2.910660171779823,0.008297416185020084,25.0,0.0,0
59.6,0,129.2699999999997,-0.5755620480318481,0.006212849861486495,0.0,-3.0,0
59.6,1,1500.0,-2.910660171779823,0.008297416185020084,25.0,0.0,0
59.7,0,129.2699999999997,-0.5755620480318481,0.006212849861486495,0.0,-3.0,0
59.7,1,1500.0,-2.910660171779823,0.008297416185020084,25.0,0.0,0
59.800000000000004,0,129.2699999999997,-0.5755620480318481,0.006212849861486495,0.0,-3.0,0
59.800000000000004,1,1500.0,-2.910660171779823,0.008297416185020084,25.0,0.0,0
59.900000000000006,0,129.2699999999997,-0.5755620480318481,0.006212849861486495,0.0,-3.0,0
59.900000000000006,1,1500.0,-2.910660171779823,0.008297416185020084,25.0,0.0,0
60.0,0,129.2699999999997,-0.5755620480318481,0.006212849861486495,0.0,-3.0,0
60.0,1,1500.0,-2.910660171779823,0.008297416185020084,25.0,0.0,0
